OID,VEG_POINT_SOURCE,AUTO_ID,CIRCUITNAME,UNDERBUILD,UNIQUE_SEGMENT_ID,VP_STATUS,WORK_VERIFICATION_STATUS,PI_COMPANY,SPECIES,RWD_EXC,DEAD_DYING,DIAMETER,HEIGHT,TAT_RESULT,TREE_MATRIX_SCORE,IMPACT_MATRIX_SCORE,PRESCRIP,WOOD_MAN,TRAFFIC,ENVIRONMENTAL_CONCERN,PI_COMMENTS,TW_COMPANY,TW_SUB,TW_FOREMAN_ISN,TW_ACT_WORK,TW_WORK_DATE,TW_COMMENTS,TW_BILLING_TYPE,TW_READY_TO_INVOICE,TW_INVOICING_STATUS,WM_COMPANY,WM_SUB,WM_DATE,WM_COMMENTS,EVM_LAST_EDITOR,EVM_LAST_EDITED,REGION,DIVISION,PARCEL_NAME,SITE_ADDRESS,PROPERTY_CITY,Creator,Created,Editor,Edited,GlobalID,UNIQUE_PARCEL_ID,EVM_SYNC_ID
-1,PI,VP_AT115-C08_910510_2019,BANGOR 1101,No,CIP_AT115-C08_320820,Tree Work Complete,,"MBG_Mason, Bruce & Girard",Live Oak,No,No,47,40,,4,3,F4D_FS-R4B+Trt,Cut and Leave,No,,"Poles 10C-Tap pole, 0.7 span, underneath lines, removing because the tree is causing strain and abrasion on secondary wires. Secondary wires are in canopy of tree. CAUTION!! Split stem live oak. RPF inspected, Stu Smith, not heritage",MOW_Mowbray's,,5872407,F4D_FS-R4B+Trt,5/12/2020 23:41:09,,Unit,,,,,,"Cut into 16 inch rounds, chips piled ",rayalm_awrr,5/12/2020 23:41:26,Sierra,SI_Sierra,1012546855,6202 STONEHEDGE DR,LOMA RICA,acoonm_awrr,11/12/2019 20:30:44,BE_geomartawrrprod,5/13/2020 0:32:46,{00000000-0000-0000-0000-000000000000},LP_AT115-C08_1680531,21a5d88c-e0bb-430f-b53d-ebbad5c0f7ca
-1,PI,VP_AT115-C08_912987_2019,BANGOR 1101,No,CIP_AT115-C08_320820,Tree Work Complete,,MGE_Mountain G Enterprises,Oak,No,No,7,42,,4,3,F1D_FS-R1B+Trt,Cut and Leave,No,,"30 feet south of tap pole off off pole 10c, removal for poor taper ",MOW_Mowbray's,MOW_Mowbray's Tree Service,5872407,F1D_FS-R1B+Trt,5/12/2020 23:40:17,,Unit,,,,,,"16 Inch rounds, chips",rayalm_awrr,5/12/2020 23:40:36,Sierra,SI_Sierra,1012546855,6202 STONEHEDGE DR,LOMA RICA,treym_awrr,11/12/2019 21:12:22,BE_geomartawrrprod,5/13/2020 0:32:46,{00000000-0000-0000-0000-000000000000},LP_AT115-C08_1680531,4edc0ace-8575-4aff-873d-dcc297ab3de8
-1,PI,VP_AT115-C08_912988_2019,BANGOR 1101,No,CIP_AT115-C08_320820,Tree Work Complete,,MGE_Mountain G Enterprises,Oak,No,No,7,40,,4,3,F1D_FS-R1B+Trt,Cut and Leave,No,,"30 feet south of tap pole off of pole 10C, removal for poor taper ",MOW_Mowbray's,MOW_Mowbray's Tree Service,5872407,F1D_FS-R1B+Trt,5/12/2020 23:33:57,,Unit,,,,,,"16 inch roads, chips",rayalm_awrr,5/12/2020 23:39:39,Sierra,SI_Sierra,1012546855,6202 STONEHEDGE DR,LOMA RICA,treym_awrr,11/12/2019 21:17:22,BE_geomartawrrprod,5/13/2020 0:32:46,{00000000-0000-0000-0000-000000000000},LP_AT115-C08_1680531,52e2af2b-0827-4ffb-a21b-0cb56e782d65
-1,PI,VP_AT115-C16_918710_2019,BANGOR 1101,No,CIP_AT115-C16_319549,Tree Work Complete,Fail,NCR_North Coast Resource Management,Blue Oak,No,No,15,35,,5,3,F2A_FP-Rmv2 A,Cut and Leave,No,,0.8 span; pole 7 to pole 8. 15 feet southwest of line. Inside pasture. Heavy burn damage and exposed cambium. Poor condition.,MOW_Mowbray's,MOW_Mowbray's Tree Service,5866905,F2A_FP-Rmv2 A,5/12/2020 23:44:33,,Unit,,,,,,Cut to 16 inch rounds for firewood. Remove all slash.,rayalm_awrr,5/12/2020 23:44:49,Sierra,SI_Sierra,1012527679,12460 BAYSHORE ST,MARYSVILLE,cjohnn_awrr,11/13/2019 20:15:49,BE_geomartawrrprod,5/13/2020 0:32:46,{00000000-0000-0000-0000-000000000000},LP_AT115-B20_1678982,b5e63a20-d86b-4ee5-81be-2b0c0cbdae4b
-1,PI,VP_AT115-D23_952137_2019,BANGOR 1101,No,CIP_AT115-D23_320968,Tree Work Complete,Fail,ERM_ERM-West,Gray Pine,No,No,8,38,,4,4,F1B_FP-Rmv1 B,Cut and Leave,No,Riparian,".6 span pole 34- 35. 15' north of line. single stem ponderosa. growth towards line. downhill, cannot yet strike, mbiasm changed to in progress on 2/20/20 can strike within 18 months ",MOW_Mowbray's,"PEI_P31 Enterprises, Inc.",,F1B_FP-Rmv1 B,5/12/2020 17:09:48,209,Unit,,,,,,Cut into firewood lengths ,rayalm_awrr,5/12/2020 17:09:55,Sierra,SI_Sierra,1012547118,12350 DOLAN HARDING RD,BROWNS VALLEY,ebarre_awrr,11/19/2019 18:38:38,BE_geomartawrrprod,5/12/2020 18:32:07,{00000000-0000-0000-0000-000000000000},LP_AT115-D18_1677278,573d6451-6f59-4903-99ba-6af0ee0819ba
-1,PI,VP_AT115-G12_1038537_2019,BANGOR 1101,No,CIP_AT115-G12_319912,Tree Work Complete,Fail,NCR_North Coast Resource Management,Valley Oak,No,No,5,18,,3,3,R1B_Rmv 1-B,Cut and Leave,No,,5 feet from pole 4. Growing into guy wire for pole 4,MOW_Mowbray's,"PEI_P31 Enterprises, Inc.",,R1B_Rmv 1-B,5/11/2020 7:00:00,Cut and chipped - 05.08.20 - Crew 103,Unit,,,,,,TBD,sriddp_awrr,5/11/2020 13:38:11,Sierra,SI_Sierra,1012529333,5983 FRUITLAND RD,MARYSVILLE,alancn_awrr,12/4/2019 18:59:26,BE_geomartawrrprod,5/11/2020 14:30:48,{00000000-0000-0000-0000-000000000000},LP_AT115-G12_1667245,f73ae970-aded-4716-99a7-1afdaa383cf1
-1,PI,VP_AU115-B02_1081265_2019,BANGOR 1101,No,CIP_AU115-B02_333275,Tree Work Complete,Fail,NCR_North Coast Resource Management,Gray Pine,No,No,12,50,,3,4,F2B_FP-Rmv2 B,Haul offsite,No,,"0.4 span from pole C601 south to 3way pole, 50 feet east of lines. On road cutbank. COUNTY TREE.",MOW_Mowbray's,MOW_Mowbray's Tree Service,5872407,F2B_FP-Rmv2 B,5/12/2020 0:17:16,,Unit,,,,,,REMOVE ALL WOOD AND DEBRIS,rayalm_awrr,5/12/2020 0:17:39,Sierra,SI_Sierra,1012546408,9255 RICES TEXAS HILL RD,OREGON HOUSE,jselzn_awrr,12/10/2019 19:52:15,BE_geomartawrrprod,5/12/2020 0:33:26,{00000000-0000-0000-0000-000000000000},LP_AU115-B02_1669356,41558f19-c02d-4f62-83d4-df4504a1f37d
-1,PI,VP_AT115-C16_1134402_2019,BANGOR 1101,No,CIP_AT115-B20_320447,Tree Work Complete,,SDR_Southern Disaster,Brush (misc),No,No,0,2,,0,4,BC_Br Rmv,Not Needed,No,,10x10 brush point around pole# 12550 and guy wires 8 ft. Northwest of pole. ,MOW_Mowbray's,MOW_Mowbray's Tree Service,5866905,BC_Br Rmv,5/12/2020 23:49:17,,Unit,,,,,,TBD,rayalm_awrr,5/12/2020 23:49:28,Sierra,SI_Sierra,1012541814,12550 BAYSHORE ST,MARYSVILLE,ewhits_awrr,12/20/2019 19:31:06,BE_geomartawrrprod,5/13/2020 0:32:46,{00000000-0000-0000-0000-000000000000},LP_AT115-B20_1684797,ab1250a1-a570-4720-b797-c6f824c62db9
-1,PI,VP_AT115-C16_1134449_2019,BANGOR 1101,No,CIP_AT115-B20_320447,Tree Work Complete,,SDR_Southern Disaster,Gray Pine,No,No,24,60,,3,4,F3B_FP-Rmv3 B,Not Needed,No,Riparian,0.9 span between poles #8 - 12550 / 45ft northeast of line / bob wire fence growing into the tree / multi stem top,MOW_Mowbray's,MOW_Mowbray's Tree Service,5865470,F3B_FP-Rmv3 B,5/12/2020 1:20:18,,Unit,,,,,,TBD,rayalm_awrr,5/12/2020 1:20:28,Sierra,SI_Sierra,1012531028,12423 BAYSHORE ST,MARYSVILLE,abucks_awrr,12/20/2019 19:50:07,BE_geomartawrrprod,5/12/2020 2:31:49,{00000000-0000-0000-0000-000000000000},LP_AT115-C16_1667860,e117682a-e39e-4e74-97f4-28d08c3fb589
-1,PI,VP_AT115-C16_1134450_2019,BANGOR 1101,No,CIP_AT115-B20_320447,Tree Work Complete,,SDR_Southern Disaster,Gray Pine,No,No,25,66,,4,4,F3B_FP-Rmv3 B,Not Needed,No,,0.9 span between poles #8 - 12550 / 62ft northeast of line / multi stem top / burned on backside of tree / inside bob wire fence,MOW_Mowbray's,MOW_Mowbray's Tree Service,5865470,F3B_FP-Rmv3 B,5/12/2020 1:19:35,,Unit,,,,,,TBD,rayalm_awrr,5/12/2020 1:19:45,Sierra,SI_Sierra,1012531028,12423 BAYSHORE ST,MARYSVILLE,abucks_awrr,12/20/2019 20:07:28,BE_geomartawrrprod,5/12/2020 2:31:49,{00000000-0000-0000-0000-000000000000},LP_AT115-C16_1667860,5f2b4d8d-a543-49cc-bf99-60826d766230
-1,PI,VP_AT115-C16_1134451_2019,BANGOR 1101,No,CIP_AT115-B20_320447,Tree Work Complete,,SDR_Southern Disaster,Gray Pine,No,No,8,42,,3,4,F1B_FP-Rmv1 B,Not Needed,No,,0.8 span between poles #8 - 12550 / 39ft northeast of line / just inside bob wire fence / slight lean at top towards line,MOW_Mowbray's,MOW_Mowbray's Tree Service,5865470,F1B_FP-Rmv1 B,5/12/2020 23:45:45,,Unit,,,,,,TBD,rayalm_awrr,5/12/2020 23:46:11,Sierra,SI_Sierra,1012531028,12423 BAYSHORE ST,MARYSVILLE,abucks_awrr,12/20/2019 20:10:48,BE_geomartawrrprod,5/13/2020 0:32:46,{00000000-0000-0000-0000-000000000000},LP_AT115-C16_1667860,96e5bd99-9b33-4b4d-bb89-81ea6f89347c
-1,PI,VP_AT115-C16_1137196_2019,BANGOR 1101,No,CIP_AT115-C16_319549,Tree Work Complete,,SDR_Southern Disaster,Oak,No,No,14,21,,4,4,F2B_FP-Rmv2 B,Not Needed,No,,0.1 Span between poles# 7-8/ 2 ft. Northwest of pole/ within 4 ft of pole/ wire fence growing into tree/ leave at post ,MOW_Mowbray's,MOW_Mowbray's Tree Service,5865470,F2B_FP-Rmv2 B,5/12/2020 1:16:36,,Unit,,,,,,TBD,rayalm_awrr,5/12/2020 1:16:51,Sierra,SI_Sierra,1012531028,12423 BAYSHORE ST,MARYSVILLE,ewhits_awrr,12/20/2019 22:23:13,BE_geomartawrrprod,5/12/2020 2:31:49,{00000000-0000-0000-0000-000000000000},LP_AT115-C16_1667860,50b8d504-f75c-42d4-a027-b8af4d96b958
-1,PI,VP_AT115-C16_1137200_2019,BANGOR 1101,No,CIP_AT115-C16_319549,Tree Work Complete,,SDR_Southern Disaster,Oak,No,No,15,36,,4,4,F2B_FP-Rmv2 B,Not Needed,No,,0.9 Span between poles# 6-7/ 24. Ft East of pole/ hole at base to 4ft. High/ recommendation to be removed/ Tree was in fire ,MOW_Mowbray's,MOW_Mowbray's Tree Service,5866905,F2B_FP-Rmv2 B,5/12/2020 1:14:55,,Unit,,,,,,TBD,rayalm_awrr,5/12/2020 1:15:03,Sierra,SI_Sierra,1012531028,12423 BAYSHORE ST,MARYSVILLE,ewhits_awrr,12/20/2019 22:49:57,BE_geomartawrrprod,5/12/2020 2:31:49,{00000000-0000-0000-0000-000000000000},LP_AT115-C16_1667860,679e28e1-a2ee-4648-8227-a4b89079a295
-1,PI,VP_AT115-C16_1137227_2019,BANGOR 1101,No,CIP_AT115-C16_319549,Tree Work Complete,,SDR_Southern Disaster,Oak,No,No,16,31,,3,4,F2B_FP-Rmv2 B,Not Needed,No,,0.9 span between poles #6-7 / 21ft east of pole / multi stem top / heart rot at base,MOW_Mowbray's,MOW_Mowbray's Tree Service,5865470,F2B_FP-Rmv2 B,5/12/2020 1:21:25,,Unit,,,,,,TBD,rayalm_awrr,5/12/2020 1:21:33,Sierra,SI_Sierra,1012531028,12423 BAYSHORE ST,MARYSVILLE,abucks_awrr,12/20/2019 22:40:00,BE_geomartawrrprod,5/12/2020 2:31:49,{00000000-0000-0000-0000-000000000000},LP_AT115-C16_1667860,d3a66cd9-e34f-47f6-a1f7-2dffc1f1576a
-1,PI,VP_AT115-C16_1138473_2019,BANGOR 1101,No,CIP_AT115-C16_320532,Tree Work Complete,Fail,SDR_Southern Disaster,Oak,No,No,8,26,,4,4,F1B_FP-Rmv1 B,Not Needed,No,,0.1 Span between poles# 5-6/ 2ft. North of guy lines/ tree has hole/ decay/ tree will grow into EVM scope within 18 months. ,MOW_Mowbray's,MOW_Mowbray's Tree Service,5866905,F1B_FP-Rmv1 B,5/12/2020 1:11:23,,Unit,,,,,,TBD,rayalm_awrr,5/12/2020 1:11:52,Sierra,SI_Sierra,1012531028,12423 BAYSHORE ST,MARYSVILLE,ewhits_awrr,12/21/2019 17:19:59,BE_geomartawrrprod,5/12/2020 2:31:49,{00000000-0000-0000-0000-000000000000},LP_AT115-C16_1667860,eb47624a-6ee0-4ec0-9603-2de03016d0b0
-1,PI,VP_AT115-C16_1138474_2019,BANGOR 1101,No,CIP_AT115-C16_320532,Tree Work Complete,Fail,SDR_Southern Disaster,Gray Pine,No,No,19,66,,4,4,F2B_FP-Rmv2 B,Not Needed,No,Riparian,0.1 Span between poles# 5-6/ 63 ft. East of guy lines/ bark beetles/ infection/ recommendation to be removed.  ,MOW_Mowbray's,MOW_Mowbray's Tree Service,5865470,F2B_FP-Rmv2 B,5/12/2020 1:01:11,,Unit,,,,,,TBD,rayalm_awrr,5/12/2020 1:01:57,Sierra,SI_Sierra,1012531028,12423 BAYSHORE ST,MARYSVILLE,ewhits_awrr,12/21/2019 17:27:21,BE_geomartawrrprod,5/12/2020 2:31:49,{00000000-0000-0000-0000-000000000000},LP_AT115-C16_1667860,76e3e174-9188-4fa3-8a87-ad0095fb6fa5
-1,PI,VP_AT115-C16_1138475_2019,BANGOR 1101,No,CIP_AT115-C16_320532,Tree Work Complete,Fail,SDR_Southern Disaster,Gray Pine,No,No,21,74,,4,4,F2B_FP-Rmv2 B,Not Needed,No,Riparian,0.9 Span between poles# 4-5/ 60 ft. East of guy lines/ bark beetles/ infection/ recommendation to be removed/ Tree has nest. ,MOW_Mowbray's,MOW_Mowbray's Tree Service,5865470,F2B_FP-Rmv2 B,5/12/2020 1:00:21,,Unit,,,,,,TBD,rayalm_awrr,5/12/2020 1:00:31,Sierra,SI_Sierra,1012531028,12423 BAYSHORE ST,MARYSVILLE,ewhits_awrr,12/21/2019 17:30:24,BE_geomartawrrprod,5/12/2020 2:31:49,{00000000-0000-0000-0000-000000000000},LP_AT115-C16_1667860,9b71e6fb-dd05-4ef7-834f-efbe53b57b8c
-1,PI,VP_AT115-C16_1138476_2019,BANGOR 1101,No,CIP_AT115-C16_320532,Tree Work Complete,Fail,SDR_Southern Disaster,Gray Pine,No,No,17,70,,4,4,F2B_FP-Rmv2 B,Not Needed,No,Riparian,0.9 Span between poles# 4-5/ 61 ft. East of guy lines/ bark beetles/ infection/ recommendation to be removed.  ,MOW_Mowbray's,MOW_Mowbray's Tree Service,5865470,F2B_FP-Rmv2 B,5/12/2020 1:03:05,,Unit,,,,,,TBD,rayalm_awrr,5/12/2020 1:03:15,Sierra,SI_Sierra,1012531028,12423 BAYSHORE ST,MARYSVILLE,ewhits_awrr,12/21/2019 17:34:20,BE_geomartawrrprod,5/12/2020 2:31:49,{00000000-0000-0000-0000-000000000000},LP_AT115-C16_1667860,d0be1ce8-4ee9-4604-9260-881c0253cb12
-1,PI,VP_AT115-C16_1138479_2019,BANGOR 1101,No,CIP_AT115-C16_320532,Tree Work Complete,Fail,SDR_Southern Disaster,Gray Pine,No,No,5,23,,3,4,F1B_FP-Rmv1 B,Not Needed,No,,".9 Span between poles4-5/ 28 ft. Southeast of pole/ tree growing under line and have potential to grow 5:1 ratio, poor taper within 18 months EVM work scope/ recommendation to be removed. ",MOW_Mowbray's,MOW_Mowbray's Tree Service,5865470,F1B_FP-Rmv1 B,5/12/2020 0:51:36,,Unit,,,,,,TBD,rayalm_awrr,5/12/2020 0:51:48,Sierra,SI_Sierra,1012531028,12423 BAYSHORE ST,MARYSVILLE,ewhits_awrr,12/21/2019 18:03:08,BE_geomartawrrprod,5/12/2020 2:31:49,{00000000-0000-0000-0000-000000000000},LP_AT115-C16_1667860,4f3fec92-2e27-4a5a-85b5-559328655c6a
-1,PI,VP_AT115-C16_1138480_2019,BANGOR 1101,No,CIP_AT115-C16_320532,Tree Work Complete,Fail,SDR_Southern Disaster,Gray Pine,No,No,7,21,,3,3,F1B_FP-Rmv1 B,Not Needed,No,,0.8 Span between poles# 4-5/ ft. Southeast of pole/ Dog leg and it’s a gray pine that need to be removed to prevent future fires,MOW_Mowbray's,MOW_Mowbray's Tree Service,5865470,F1B_FP-Rmv1 B,5/12/2020 0:50:50,,Unit,,,,,,TBD,rayalm_awrr,5/12/2020 0:51:02,Sierra,SI_Sierra,1012531028,12423 BAYSHORE ST,MARYSVILLE,ewhits_awrr,12/21/2019 18:06:56,BE_geomartawrrprod,5/12/2020 2:31:49,{00000000-0000-0000-0000-000000000000},LP_AT115-C16_1667860,22127a6b-2c5f-4882-8891-245e08a83492
-1,PI,VP_AT115-C16_1139409_2019,BANGOR 1101,No,CIP_AT115-C16_320532,Tree Work Complete,Fail,SDR_Southern Disaster,Oak,No,No,12,24,,4,4,F2B_FP-Rmv2 B,Not Needed,No,,0.1 span between poles #5-6 / 12ft northeast of guy wire / co-dominate tree / tree in decline ,MOW_Mowbray's,MOW_Mowbray's Tree Service,5866905,F2B_FP-Rmv2 B,5/12/2020 1:13:18,,Unit,,,,,,TBD,rayalm_awrr,5/12/2020 1:13:31,Sierra,SI_Sierra,1012531028,12423 BAYSHORE ST,MARYSVILLE,abucks_awrr,12/21/2019 17:21:14,BE_geomartawrrprod,5/12/2020 2:31:49,{00000000-0000-0000-0000-000000000000},LP_AT115-C16_1667860,2ce5cc71-6b21-4193-b73e-6f193bedd959
-1,PI,VP_AT115-C16_1139410_2019,BANGOR 1101,No,CIP_AT115-C16_320532,Tree Work Complete,Fail,SDR_Southern Disaster,Gray Pine,No,No,14,63,,4,4,F2B_FP-Rmv2 B,Not Needed,No,Riparian,0.8 span between poles #5-6 / 55ft southeast of guy wire / burned multi stem tree / east of riparian ditch,MOW_Mowbray's,MOW_Mowbray's Tree Service,5865470,F2B_FP-Rmv2 B,5/12/2020 0:59:03,,Unit,,,,,,,rayalm_awrr,5/12/2020 0:59:12,Sierra,SI_Sierra,1012531028,12423 BAYSHORE ST,MARYSVILLE,abucks_awrr,12/21/2019 17:32:03,BE_geomartawrrprod,5/12/2020 2:31:49,{00000000-0000-0000-0000-000000000000},LP_AT115-C16_1667860,23e6e0ce-8b7b-4d60-b47d-7df73abb7a61
-1,PI,VP_AT115-C16_1139411_2019,BANGOR 1101,No,CIP_AT115-C16_320532,Tree Work Complete,Fail,SDR_Southern Disaster,Gray Pine,No,No,35,66,,4,,F3B_FP-Rmv3 B,Not Needed,No,Riparian,0.8 span between poles #5-6 / combined DBH of 35 / 56ft southeast of guy wire / co-dominate at base of tree / 2nd stem leaning away from facility ,MOW_Mowbray's,MOW_Mowbray's Tree Service,5865470,F3B_FP-Rmv3 B,5/12/2020 0:58:05,,Unit,,,,,,TBD,rayalm_awrr,5/12/2020 0:58:32,Sierra,SI_Sierra,1012531028,12423 BAYSHORE ST,MARYSVILLE,abucks_awrr,12/21/2019 17:35:29,BE_geomartawrrprod,5/12/2020 2:31:49,{00000000-0000-0000-0000-000000000000},LP_AT115-C16_1667860,6bf2aaa8-bd1d-489e-aa69-b60aac78b891
-1,PI,VP_AT115-C16_1139412_2019,BANGOR 1101,No,CIP_AT115-C16_320532,Tree Work Complete,Fail,SDR_Southern Disaster,Gray Pine,No,No,22,66,,4,4,F3B_FP-Rmv3 B,Not Needed,No,Riparian,0.7 span between poles #5-6 / 64ft southeast of guy wire / co-dominate top / burned up to 6ft,MOW_Mowbray's,MOW_Mowbray's Tree Service,5865470,F3B_FP-Rmv3 B,5/12/2020 0:56:50,,Unit,,,,,,TBD,rayalm_awrr,5/12/2020 0:57:25,Sierra,SI_Sierra,1012531028,12423 BAYSHORE ST,MARYSVILLE,abucks_awrr,12/21/2019 17:38:59,BE_geomartawrrprod,5/12/2020 2:31:49,{00000000-0000-0000-0000-000000000000},LP_AT115-C16_1667860,ecc04ea4-5bc8-4267-ae62-b9fa44dc33d6
-1,PI,VP_AT115-C16_1139414_2019,BANGOR 1101,No,CIP_AT115-C16_320532,Tree Work Complete,Fail,SDR_Southern Disaster,Oak,No,No,24,35,,3,4,F2B_FP-Rmv2 B,Not Needed,No,,0.7 span between poles #5-6 / 6ft east of line / co-dominate tree / cankers present / tree in decline and previously topped ,MOW_Mowbray's,MOW_Mowbray's Tree Service,5865470,F2B_FP-Rmv2 B,5/12/2020 0:50:00,,Unit,,,,,,TBD,rayalm_awrr,5/12/2020 0:50:18,Sierra,SI_Sierra,1012531028,12423 BAYSHORE ST,MARYSVILLE,abucks_awrr,12/21/2019 18:00:42,BE_geomartawrrprod,5/12/2020 2:31:49,{00000000-0000-0000-0000-000000000000},LP_AT115-C16_1667860,c82d885d-afb9-464f-b3cf-509bbeb657b2
-1,PI,VP_AT114-P20_1157902_2019,BANGOR 1101,No,CIP_AT114-P20_316419,Tree Work Complete,Fail,FSE_FSEI,Brush (misc),No,No,1,7,,1,3,BC_Br Rmv,Haul offsite,No,,At pole 13- brush unit breaking pole compliance radial. Clear 10x10,MOW_Mowbray's,,4608703,BC_Br Rmv,5/12/2020 20:17:13,,Unit,,,,,,Remove slash ,rayalm_awrr,5/12/2020 20:17:18,Sierra,SI_Sierra,1012544345,14094 NEPTUNE LN,BROWNS VALLEY,jtwels_awrr,12/29/2019 22:23:57,BE_geomartawrrprod,5/12/2020 22:32:42,{00000000-0000-0000-0000-000000000000},LP_AT114-P19_1686661,18cd2ffa-66a4-4a8e-9240-0e206c459948
-1,PI,VP_AU114-O21_1213230_2020,BANGOR 1101,No,CIP_AU114-O21_331295,Tree Work Complete,,NCR_North Coast Resource Management,Ponderosa Pine,No,No,9,20,,1,3,R1B_Rmv 1-B,Haul offsite,No,,"End span, no pole numbers, 10 feet Northeast of end pole. Continuous topping not recommended, ",MOW_Mowbray's,,,R1B_Rmv 1-B,5/11/2020 7:00:00,VP complete 05.08.20 - Crew 103,Unit,,,,,,Remove all wood and slash,sriddp_awrr,5/11/2020 13:50:43,Sierra,SI_Sierra,1012548701,13686 DIXON HILL RD,DOBBINS,jjaqun_awrr,1/9/2020 22:31:48,BE_geomartawrrprod,5/11/2020 14:30:48,{00000000-0000-0000-0000-000000000000},LP_AU114-O21_1669014,147f6242-4797-47b0-b827-259c3e3ae961
-1,PI,VP_AU114-O21_1263092_2020,BANGOR 1101,No,CIP_AU114-O21_331537,Tree Work Complete,Fail,FCO_Forester’s Co-op,Ponderosa Pine,No,No,26,80,,3,3,R3B_Rmv 3-B,Cut and Leave,No,,"Poles 41a-41b, 0.1 span, 20 feet northeast of lines, trim overhang to assure compliance. 2/19/20. sfrizf. Side trim impacted tree; tree rapidly declining, pathogen. Recommend removal. Owner appr: 2/28/20. Sfrizf. Tagged tree with yellow tape on shrub. ",MOW_Mowbray's,"PEI_P31 Enterprises, Inc.",,OV_Overhang,5/13/2020 7:00:00,cUT ON 05.13.20 - BY cREW 103,Unit,,,,,,Recontact homeowner for new WM form. 2/20/20 Sfrizf left tag on door for owner to contact. 2/28/20. Sfrizf left WM form for signature; will pu 2/29/20.,sriddp_awrr,5/13/2020 17:29:46,Sierra,SI_Sierra,1012538626,13498 DIXON HILL RD,DOBBINS,acoonm_awrr,1/20/2020 23:10:29,BE_geomartawrrprod,5/13/2020 18:32:24,{00000000-0000-0000-0000-000000000000},LP_AU114-O21_1668386,65e73f93-1b3b-4506-9699-531f0d9044f0
-1,PI,VP_AU115-B04_1312726_2020,BANGOR 1101,No,CIP_AU115-B04_333332,Tree Work Complete,,MGE_Mountain G Enterprises,Ponderosa Pine,No,No,5,40,,3,4,F1B_FP-Rmv1 B,Chip on site/broadcast,No,,HTRS 1/3. Pole 2-3. .9 span. 36 ft East of pole 3. Looks healthy. Potential to strike facilities. Inventory only. EDITED BY SNUTTW MGE 1/30/2020 POOR TAPER 5/1,MOW_Mowbray's,"PEI_P31 Enterprises, Inc.",,F1B_FP-Rmv1 B,2/7/2020 0:02:45,,Unit,,,MOW_Mowbray's,MOW_Mowbray's Tree Service,5/12/2020 16:03:14,Broadcast wood chips on property ,rayalm_awrr,5/12/2020 16:03:20,Sierra,SI_Sierra,1012546515,13335 ACME WAY,OREGON HOUSE,rmendm_awrr,1/29/2020 19:39:49,BE_geomartawrrprod,5/12/2020 16:32:11,{00000000-0000-0000-0000-000000000000},LP_AU115-B04_1683898,adf7004b-9ecf-405d-b4fa-adeb7f09e5fa
-1,PI,VP_AU115-B04_1312889_2020,BANGOR 1101,No,CIP_AU115-B04_333332,Tree Work Complete,,MGE_Mountain G Enterprises,Ponderosa Pine,No,No,5,40,,3,4,F1B_FP-Rmv1 B,Chip on site/broadcast,No,,Pole 2-3. Left of line. .7 span. 20ft North East of line. Healthy tree. Potential to strike facilities.Inventory only. HTRS 1/3. EDITED BY SNUTTW MGE 1/30/2020 POOR TAPER 5/1 TREE,MOW_Mowbray's,"PEI_P31 Enterprises, Inc.",,F1B_FP-Rmv1 B,2/7/2020 0:01:11,,Unit,,,MOW_Mowbray's,MOW_Mowbray's Tree Service,5/12/2020 16:04:38,Broadcast wood chips on property ,rayalm_awrr,5/12/2020 16:04:41,Sierra,SI_Sierra,1012546515,13335 ACME WAY,OREGON HOUSE,emejim_awrr,1/29/2020 19:55:15,BE_geomartawrrprod,5/12/2020 16:32:11,{00000000-0000-0000-0000-000000000000},LP_AU115-B04_1683898,ad20718e-8b86-4dee-b2c2-aeb21f43b4fd
-1,PI,VP_AU115-B04_1314794_2020,BANGOR 1101,No,CIP_AU115-B04_333332,Tree Work Complete,,MGE_Mountain G Enterprises,Ponderosa Pine,No,No,5,39,,3,4,F1B_FP-Rmv1 B,Chip on site/broadcast,No,,"POLE 2-3; 0.8SPAN; 15 FEET EAST OF LINE, 5:1 TREE POOR TAPER, EDITED BY NNINNM 1/30 ",MOW_Mowbray's,"PEI_P31 Enterprises, Inc.",,F1B_FP-Rmv1 B,2/7/2020 0:01:49,,Unit,,,MOW_Mowbray's,MOW_Mowbray's Tree Service,5/12/2020 16:05:04,Broadcast wood chips on property ,rayalm_awrr,5/12/2020 16:05:08,Sierra,SI_Sierra,1012546515,13335 ACME WAY,OREGON HOUSE,sgonzm_awrr,1/29/2020 22:08:54,BE_geomartawrrprod,5/12/2020 16:32:11,{00000000-0000-0000-0000-000000000000},LP_AU115-B04_1683898,f3de5a58-c379-4694-8242-296a0a5c3ec8
-1,PI,VP_AU115-B04_1314826_2020,BANGOR 1101,No,CIP_AU115-B04_333332,Tree Work Complete,,MGE_Mountain G Enterprises,Ponderosa Pine,No,No,5,38,,3,3,F1B_FP-Rmv1 B,Chip on site/broadcast,No,,"POLE 2-3; 0.8SPAN; 15 FEET EAST OF LINE, Edited by cedinm mge 1/30/2020 poor taper of 5:1, wind sway could push tree into line",MOW_Mowbray's,"PEI_P31 Enterprises, Inc.",,F1B_FP-Rmv1 B,2/7/2020 0:00:26,,Unit,,,MOW_Mowbray's,MOW_Mowbray's Tree Service,5/12/2020 16:05:37,Broadcast wood chips on property ,rayalm_awrr,5/12/2020 16:05:40,Sierra,SI_Sierra,1012546515,13335 ACME WAY,OREGON HOUSE,sgonzm_awrr,1/29/2020 22:10:19,BE_geomartawrrprod,5/12/2020 16:32:11,{00000000-0000-0000-0000-000000000000},LP_AU115-B04_1683898,799d967a-786a-4108-bfd8-2d125d9562eb
-1,PI,VP_AU115-B04_1314915_2020,BANGOR 1101,No,CIP_AU115-B04_333332,Tree Work Complete,,MGE_Mountain G Enterprises,Ponderosa Pine,No,No,7,60,,3,3,R1B_Rmv 1-B,Chip on site/broadcast,No,,"Pole 2-3, .6 span, 10 feet East of Line. Poor taper, Suppress tree, Removal. ",MOW_Mowbray's,"PEI_P31 Enterprises, Inc.",,R1B_Rmv 1-B,2/6/2020 23:59:02,,Unit,,,MOW_Mowbray's,MOW_Mowbray's Tree Service,5/12/2020 16:06:41,Broadcast wood chips on property ,rayalm_awrr,5/12/2020 16:06:47,Sierra,SI_Sierra,1012546515,13335 ACME WAY,OREGON HOUSE,emejim_awrr,1/29/2020 22:15:03,BE_geomartawrrprod,5/12/2020 16:32:11,{00000000-0000-0000-0000-000000000000},LP_AU115-B04_1683898,7a4cd91d-0428-46d9-a39c-998363f4def5
-1,PI,VP_AU115-B04_1315055_2020,BANGOR 1101,No,CIP_AU115-B04_333332,Tree Work Complete,,MGE_Mountain G Enterprises,Ponderosa Pine,No,No,8,55,,3,3,F1B_FP-Rmv1 B,Chip on site/broadcast,No,,"Poles 2-3. Left of line. .6 span. 18 feet East of line. X-stem tree (2), HTRS 3/3",MOW_Mowbray's,"PEI_P31 Enterprises, Inc.",,F1B_FP-Rmv1 B,2/6/2020 23:59:47,,Unit,,,MOW_Mowbray's,MOW_Mowbray's Tree Service,5/12/2020 16:06:05,Broadcast wood chips on property ,rayalm_awrr,5/12/2020 16:06:08,Sierra,SI_Sierra,1012546515,13335 ACME WAY,OREGON HOUSE,emejim_awrr,1/29/2020 22:19:57,BE_geomartawrrprod,5/12/2020 16:32:11,{00000000-0000-0000-0000-000000000000},LP_AU115-B04_1683898,b2e49a1d-b929-4e32-8013-671accb4e00e
-1,PI,VP_AU115-B04_1315426_2020,BANGOR 1101,No,CIP_AU115-B04_333333,Tree Work Complete,,MGE_Mountain G Enterprises,Ponderosa Pine,No,No,11,65,,1,3,R1B_Rmv 1-B,Cut and Leave,No,,POLE 2-3; 0.7SPAN; 15 FEET EAST OF LINE; POOR TAPER ON TREE,MOW_Mowbray's,"PEI_P31 Enterprises, Inc.",,R1B_Rmv 1-B,2/6/2020 23:56:47,,Unit,,,MOW_Mowbray's,MOW_Mowbray's Tree Service,5/12/2020 16:08:21,Cut into 16 inch firewood lengths/ Broadcast wood chips on property,rayalm_awrr,5/12/2020 16:08:23,Sierra,SI_Sierra,1012546515,13335 ACME WAY,OREGON HOUSE,sgonzm_awrr,1/29/2020 22:35:26,BE_geomartawrrprod,5/12/2020 16:32:11,{00000000-0000-0000-0000-000000000000},LP_AU115-B04_1683898,c290bba6-7d2b-476a-b622-45599d380b85
-1,PI,VP_AU115-B04_1315687_2020,BANGOR 1101,No,CIP_AU115-B04_333332,Tree Work Complete,,MGE_Mountain G Enterprises,Ponderosa Pine,No,No,4,28,,1,3,R1B_Rmv 1-B,Chip on site/broadcast,No,,POLE 2-3; 0.7SPAN; 10 FEET EAST OF LINE; TREE HAS POTENTIAL TO GROW INTO LINE,MOW_Mowbray's,"PEI_P31 Enterprises, Inc.",,R1B_Rmv 1-B,2/6/2020 23:57:32,,Unit,,,MOW_Mowbray's,MOW_Mowbray's Tree Service,5/12/2020 16:07:50,Broadcast wood chips on property ,rayalm_awrr,5/12/2020 16:07:53,Sierra,SI_Sierra,1012546515,13335 ACME WAY,OREGON HOUSE,sgonzm_awrr,1/29/2020 22:45:50,BE_geomartawrrprod,5/12/2020 16:32:11,{00000000-0000-0000-0000-000000000000},LP_AU115-B04_1683898,a87e473e-c9f5-46b9-90f7-cbbab624cc1d
-1,PI,VP_AU115-B04_1320553_2020,BANGOR 1101,No,CIP_AU115-B04_333332,Tree Work Complete,,MGE_Mountain G Enterprises,Ponderosa Pine,No,No,4,37,,3,3,F1B_FP-Rmv1 B,Chip on site/broadcast,No,,Poles 2-3. .6 span. 22 feet East of lines. Removal. Poor taper. ,MOW_Mowbray's,"PEI_P31 Enterprises, Inc.",,F1B_FP-Rmv1 B,2/6/2020 23:58:24,,Unit,,,MOW_Mowbray's,MOW_Mowbray's Tree Service,5/12/2020 16:07:12,Broadcast wood chips on property ,rayalm_awrr,5/12/2020 16:07:16,Sierra,SI_Sierra,1012546515,13335 ACME WAY,OREGON HOUSE,rmendm_awrr,1/30/2020 19:20:16,BE_geomartawrrprod,5/12/2020 16:32:11,{00000000-0000-0000-0000-000000000000},LP_AU115-B04_1683898,84bc5eaf-5f34-4622-8e2a-c3bf21c559e8
-1,PI,VP_AU115-B10_1338482_2020,BANGOR 1101,No,CIP_AU115-B05_333352,Tree Work Complete,,MGE_Mountain G Enterprises,Gray Pine,No,No,18,90,,4,3,F2B_FP-Rmv2 B,Haul offsite,No,,"Pole F11 to End pole , Past end Pole, approximately 70ft south east from end pole,  removing because tree has co-dom and spiraling growth at mid height ",MOW_Mowbray's,MOW_Mowbray's Tree Service,5865456,F2B_FP-Rmv2 B,5/11/2020 23:02:46,,Unit,,,,,,Remove wood. Chip and broadcast debris. ,rayalm_awrr,5/11/2020 23:02:52,Sierra,SI_Sierra,1012538792,13236 SKY MDW,OREGON HOUSE,fsancm_awrr,2/4/2020 18:57:02,BE_geomartawrrprod,5/12/2020 0:33:26,{00000000-0000-0000-0000-000000000000},LP_AU115-B05_1669263,c5656bff-c565-4e81-a097-4ba6f43fb8ad
-1,PI,VP_AU115-B10_1338575_2020,BANGOR 1101,No,CIP_AU115-B05_333352,Tree Work Complete,,MGE_Mountain G Enterprises,Gray Pine,No,No,22,90,,4,3,F2B_FP-Rmv2 B,Haul offsite,No,,"Pole F11 to End pole , Past end Pole, approximately 70ft east from end pole, removing because tree has Co-Dom and moderate lean towards pole  ",MOW_Mowbray's,MOW_Mowbray's Tree Service,5865456,F2B_FP-Rmv2 B,5/11/2020 23:01:56,,Unit,,,,,,Remove wood. Chip and broadcast debris. ,rayalm_awrr,5/11/2020 23:02:12,Sierra,SI_Sierra,1012538792,13236 SKY MDW,OREGON HOUSE,fsancm_awrr,2/4/2020 19:03:02,BE_geomartawrrprod,5/12/2020 0:33:26,{00000000-0000-0000-0000-000000000000},LP_AU115-B05_1669263,03c07f69-ea9b-4caa-ad94-13580a1b35ce
-1,PI,VP_AU115-B04_1341899_2020,BANGOR 1101,No,CIP_AU115-B04_333296,Tree Work Complete,Fail,MGE_Mountain G Enterprises,Ponderosa Pine,No,No,4,20,,3,3,R1A_Rmv 1-A,Haul offsite,No,,"Pole R6 to pole R7, 0.9 span, under line, potential to grown into line. Trim would remove more than 1/3 of canopy. ",MOW_Mowbray's,MOW_Mowbray's Tree Service,5865470,R1A_Rmv 1-A,4/28/2020 0:02:48,,Unit,,,MOW_Mowbray's,MOW_Mowbray's Tree Service,5/10/2020 0:30:40,"Remove all wood,chip and pile brush.",rayalm_awrr,5/10/2020 0:30:43,Sierra,SI_Sierra,1012546731,13242 BEACON LN,OREGON HOUSE,osepum_awrr,2/4/2020 22:45:01,BE_geomartawrrprod,5/10/2020 2:30:28,{00000000-0000-0000-0000-000000000000},LP_AU115-B04_1668602,4b405580-2b5d-4018-a262-3b5f683c16f5
-1,PI,VP_AU115-B04_1341985_2020,BANGOR 1101,No,CIP_AU115-B04_333293,Tree Work Complete,,MGE_Mountain G Enterprises,Valley Oak,No,No,4,30,,3,3,R1A_Rmv 1-A,Cut and Leave,No,,"Pole R7 to pole R8,0.1 span, under line, potential to grow into line",MOW_Mowbray's,MOW_Mowbray's Tree Service,5865470,R1A_Rmv 1-A,4/28/2020 0:05:19,,Unit,,,MOW_Mowbray's,MOW_Mowbray's Tree Service,5/10/2020 0:37:18,"Remove wood, chip and pile brush in pre existing pile at front of driveway",rayalm_awrr,5/10/2020 0:37:20,Sierra,SI_Sierra,1012546731,13242 BEACON LN,OREGON HOUSE,osepum_awrr,2/4/2020 22:52:18,BE_geomartawrrprod,5/10/2020 2:30:28,{00000000-0000-0000-0000-000000000000},LP_AU115-B04_1668602,f3c0318a-3789-4fdd-b4aa-00ae1b3119de
-1,PI,VP_AU115-B04_1342012_2020,BANGOR 1101,No,CIP_AU115-B04_333296,Tree Work Complete,Fail,MGE_Mountain G Enterprises,Brush (misc),No,No,1,15,,2,3,BC_Br Rmv,Haul offsite,No,,"Pole r6-r7, 0.8 span, under line, brush unit of small pines and oaks under line with potential to grow in to lines",MOW_Mowbray's,MOW_Mowbray's Tree Service,5865470,BC_Br Rmv,4/27/2020 23:59:29,,Unit,,,MOW_Mowbray's,MOW_Mowbray's Tree Service,5/10/2020 0:30:07,Chip and pile all brush/slash in pre existing pile at front of driveway ,rayalm_awrr,5/10/2020 0:30:10,Sierra,SI_Sierra,1012546731,13242 BEACON LN,OREGON HOUSE,cdanim_awrr,2/4/2020 22:54:52,BE_geomartawrrprod,5/10/2020 0:30:27,{00000000-0000-0000-0000-000000000000},LP_AU115-B04_1668602,3dac763d-d985-4034-8017-f40c77c0bfa4
-1,PI,VP_AU115-B04_1342095_2020,BANGOR 1101,No,CIP_AU115-B04_333293,Tree Work Complete,,MGE_Mountain G Enterprises,Valley Oak,No,No,4,30,,3,3,R1A_Rmv 1-A,Cut and Leave,No,,"Pole R7 to pole R8, 0.1 span, under line, potential to grown into line.",MOW_Mowbray's,MOW_Mowbray's Tree Service,5865470,R1A_Rmv 1-A,4/28/2020 0:09:22,,Unit,,,MOW_Mowbray's,MOW_Mowbray's Tree Service,5/10/2020 0:40:18,"Remove all wood,chip and pile brush.",rayalm_awrr,5/10/2020 0:40:21,Sierra,SI_Sierra,1012546731,13242 BEACON LN,OREGON HOUSE,osepum_awrr,2/4/2020 22:58:55,BE_geomartawrrprod,5/10/2020 2:30:28,{00000000-0000-0000-0000-000000000000},LP_AU115-B04_1668602,e17314a3-78c3-49ed-b100-d061ad7a1640
-1,PI,VP_AU115-B04_1342096_2020,BANGOR 1101,No,CIP_AU115-B04_333293,Tree Work Complete,Fail,MGE_Mountain G Enterprises,Brush (misc),No,No,1,10,,0,3,BC_Br Rmv,Haul offsite,No,,"Pole r7- pole r8, 0.1 span, under line, 0.5 brush unit, pine and oaks with potential to grow into lines",MOW_Mowbray's,,5865470,BC_Br Rmv,4/28/2020 0:04:05,,Unit,,,MOW_Mowbray's,MOW_Mowbray's Tree Service,5/10/2020 0:34:25,Remove all wood chip and pile brush/slash in pre existing pile at front of driveway ,rayalm_awrr,5/10/2020 0:34:28,Sierra,SI_Sierra,1012546731,13242 BEACON LN,OREGON HOUSE,cdanim_awrr,2/4/2020 22:59:05,BE_geomartawrrprod,5/10/2020 2:30:28,{00000000-0000-0000-0000-000000000000},LP_AU115-B04_1668602,d774f991-a725-4bc2-9f10-99fd6832e033
-1,PI,VP_AU115-B04_1342119_2020,BANGOR 1101,No,CIP_AU115-B04_333293,Tree Work Complete,,MGE_Mountain G Enterprises,Valley Oak,No,No,1,15,,3,3,BC_Br Rmv,Cut and Leave,No,,"Pole R7 to pole R8,under line,potential to grow into line",MOW_Mowbray's,MOW_Mowbray's Tree Service,5865470,BC_Br Rmv,4/28/2020 0:06:36,,Unit,,,MOW_Mowbray's,MOW_Mowbray's Tree Service,5/10/2020 0:40:42,"Remove all wood,chip and pile brush.",rayalm_awrr,5/10/2020 0:40:45,Sierra,SI_Sierra,1012546731,13242 BEACON LN,OREGON HOUSE,osepum_awrr,2/4/2020 23:02:52,BE_geomartawrrprod,5/10/2020 2:30:28,{00000000-0000-0000-0000-000000000000},LP_AU115-B04_1668602,beda6b92-68a8-4c48-bd5a-863b0bc2165a
-1,PI,VP_AU115-B04_1342606_2020,BANGOR 1101,No,CIP_AU115-B04_333293,Tree Work Complete,,MGE_Mountain G Enterprises,Valley Oak,No,No,1,15,,3,3,BC_Br Rmv,Cut and Leave,No,,"Pole R7 to pole R8, span 0.4 span, under line, possible growth into line ",MOW_Mowbray's,MOW_Mowbray's Tree Service,5865470,BC_Br Rmv,4/28/2020 0:07:53,,Unit,,,MOW_Mowbray's,MOW_Mowbray's Tree Service,5/10/2020 0:41:08,"Remove all wood,chip and pile brush.",rayalm_awrr,5/10/2020 0:41:11,Sierra,SI_Sierra,1012546731,13242 BEACON LN,OREGON HOUSE,osepum_awrr,2/4/2020 23:28:02,BE_geomartawrrprod,5/10/2020 2:30:28,{00000000-0000-0000-0000-000000000000},LP_AU115-B04_1668602,654b3faf-f5aa-4c0a-8ffe-2765f7ede452
-1,PI,VP_AU115-B04_1345189_2020,BANGOR 1101,No,CIP_AU115-B04_333293,Tree Work Complete,,MGE_Mountain G Enterprises,Ponderosa Pine,No,No,22,95,,3,3,R2B_Rmv 2-B,Haul offsite,No,,"Pole R7to pole R8, 0.6 span, 45 north of line,tree has die back,dead limbs on center of canopy, poor crown to height ratio, gumosis,",MOW_Mowbray's,MOW_Mowbray's Tree Service,5865456,R2B_Rmv 2-B,4/28/2020 23:40:11,,Unit,,,MOW_Mowbray's,MOW_Mowbray's Tree Service,5/10/2020 0:47:37,"Remove all wood,chip and pile brush.",rayalm_awrr,5/10/2020 0:47:40,Sierra,SI_Sierra,1012546759,13197 BEACON LN,OREGON HOUSE,osepum_awrr,2/5/2020 18:19:09,BE_geomartawrrprod,5/10/2020 2:30:28,{00000000-0000-0000-0000-000000000000},LP_AU115-B04_1668806,f492a83e-cbda-4efb-9614-3d3e854ccc8a
-1,PI,VP_AU115-B05_1345452_2020,BANGOR 1101,No,CIP_AU115-B05_333206,Tree Work Complete,,MGE_Mountain G Enterprises,Black Oak,No,No,13,45,,3,3,F2B_FP-Rmv2 B,Cut and Leave,No,Riparian,"Pole F8 to Pole F9,.7span, east of line, approximately 25ft from line, removing because tree has severe weight distribution towards line and lean towards line ",MOW_Mowbray's,,5867841,F2B_FP-Rmv2 B,4/23/2020 1:09:36,,Unit,,,MOW_Mowbray's,MOW_Mowbray's Tree Service,5/10/2020 0:20:04,"leave all wood , cut into 16"" logs",rayalm_awrr,5/10/2020 0:20:08,Sierra,SI_Sierra,1012547250,NO ADDRESS LISTED,,fsancm_awrr,2/5/2020 18:36:01,BE_geomartawrrprod,5/10/2020 0:30:27,{00000000-0000-0000-0000-000000000000},LP_AU115-B05_1667040,116bfc8f-656e-4d71-80b6-4e4a6b9c31da
-1,PI,VP_AU115-B04_1345479_2020,BANGOR 1101,No,CIP_AU115-B04_333293,Tree Work Complete,,MGE_Mountain G Enterprises,Ponderosa Pine,No,No,22,105,,5,3,F2B_FP-Rmv2 B,Haul offsite,No,,"Pole r7- pole r8, 0.3 span, 65 ft east of line, poor canopy distribution, suppressed by Surrounding Trees, embedded barbed wire in trunk ",MOW_Mowbray's,MOW_Mowbray's Tree Service,5865456,F2B_FP-Rmv2 B,4/28/2020 23:38:30,,Unit,,,MOW_Mowbray's,MOW_Mowbray's Tree Service,5/10/2020 0:41:53,"Remove wood, chip and pile brush in pre existing pile at front of driveway ",rayalm_awrr,5/10/2020 0:41:57,Sierra,SI_Sierra,1012546731,13242 BEACON LN,OREGON HOUSE,cdanim_awrr,2/5/2020 18:38:13,BE_geomartawrrprod,5/10/2020 2:30:28,{00000000-0000-0000-0000-000000000000},LP_AU115-B04_1668602,48dd8be8-b2cb-4450-a0e1-9d4d609467f9
-1,PI,VP_AU115-B04_1345498_2020,BANGOR 1101,No,CIP_AU115-B04_333293,Tree Work Complete,,MGE_Mountain G Enterprises,Ponderosa Pine,No,No,25,100,,3,3,R3B_Rmv 3-B,Haul offsite,No,,"Pole R7 to Pole R8,0.6 span, 50 feet north of line,potential strike to facility, moderate lean, possible domino affect.",MOW_Mowbray's,MOW_Mowbray's Tree Service,5865456,R3B_Rmv 3-B,4/28/2020 23:42:03,,Unit,,,MOW_Mowbray's,MOW_Mowbray's Tree Service,5/10/2020 0:49:19,"Remove all wood,chip and pile brush.",rayalm_awrr,5/10/2020 0:49:24,Sierra,SI_Sierra,1012546731,13242 BEACON LN,OREGON HOUSE,osepum_awrr,2/5/2020 18:39:59,BE_geomartawrrprod,5/10/2020 2:30:28,{00000000-0000-0000-0000-000000000000},LP_AU115-B04_1668602,6cd20ce2-a5fb-45ba-8e08-fae2d131b65e
-1,PI,VP_AU115-B04_1345811_2020,BANGOR 1101,No,CIP_AU115-B04_333293,Tree Work Complete,,MGE_Mountain G Enterprises,Ponderosa Pine,No,No,21,90,,5,3,F2B_FP-Rmv2 B,Haul offsite,No,,"Pole r7- pole r8, 0.5 span, 45 ft east of line, moderate lean towards line, suppressed by Surrounding Trees, signs of die back in upper canopy, ",MOW_Mowbray's,MOW_Mowbray's Tree Service,5865456,F2B_FP-Rmv2 B,4/30/2020 0:31:18,,Unit,,,MOW_Mowbray's,MOW_Mowbray's Tree Service,5/10/2020 0:53:05,"Remove wood, chip and pile brush in pre existing pile at front of driveway ",rayalm_awrr,5/10/2020 0:53:08,Sierra,SI_Sierra,1012546731,13242 BEACON LN,OREGON HOUSE,cdanim_awrr,2/5/2020 18:58:57,BE_geomartawrrprod,5/10/2020 2:30:28,{00000000-0000-0000-0000-000000000000},LP_AU115-B04_1668602,13eaff95-447f-416a-967e-7ca2d2063b9b
-1,PI,VP_AU115-B04_1345949_2020,BANGOR 1101,No,CIP_AU115-B04_333293,Tree Work Complete,,MGE_Mountain G Enterprises,Ponderosa Pine,No,No,14,45,,3,3,R2B_Rmv 2-B,Haul offsite,No,,"Pole R7 to pole R8,span 0.7, 40 north of line, x stem tree, HTRS and DBH a sign stem for removal.",MOW_Mowbray's,MOW_Mowbray's Tree Service,5865456,F2B_FP-Rmv2 B,4/30/2020 0:30:02,,Unit,,,MOW_Mowbray's,MOW_Mowbray's Tree Service,5/10/2020 0:55:36,"Remove all wood,chip and pile brush.",rayalm_awrr,5/10/2020 0:55:39,Sierra,SI_Sierra,1012546731,13242 BEACON LN,OREGON HOUSE,osepum_awrr,2/5/2020 19:06:22,BE_geomartawrrprod,5/10/2020 2:30:28,{00000000-0000-0000-0000-000000000000},LP_AU115-B04_1668602,ca9f7b71-28da-4c57-8ada-f73973431f45
-1,PI,VP_AU115-B04_1346038_2020,BANGOR 1101,No,CIP_AU115-B04_333293,Tree Work Complete,,MGE_Mountain G Enterprises,Ponderosa Pine,No,No,26,90,,3,3,R2B_Rmv 2-B,Haul offsite,No,,"Pole R7 to Pole R8, 0.7 span, 15 feet north of line, severe wound to base of tree, barb wire wrapped around base, moderate lean towards facility",MOW_Mowbray's,MOW_Mowbray's Tree Service,5865456,R2B_Rmv 2-B,5/7/2020 1:16:48,,Unit,,,MOW_Mowbray's,MOW_Mowbray's Tree Service,5/10/2020 0:56:27,"Remove all wood,chip and pile brush.",rayalm_awrr,5/10/2020 0:56:30,Sierra,SI_Sierra,1012546731,13242 BEACON LN,OREGON HOUSE,osepum_awrr,2/5/2020 19:12:50,BE_geomartawrrprod,5/10/2020 2:30:28,{00000000-0000-0000-0000-000000000000},LP_AU115-B04_1668602,67018aeb-8eff-4a86-b225-0daef87a3461
-1,PI,VP_AU115-B05_1346109_2020,BANGOR 1101,No,CIP_AU115-B05_333206,Tree Work Complete,,MGE_Mountain G Enterprises,Ponderosa Pine,No,No,14,45,,3,3,F2B_FP-Rmv2 B,Haul offsite,No,Riparian,"Pole F8 to Pole F9, .4span, east of line, approximately 25ft from line, 2x stem tree ,removing because  tree has included bark and has been previously topped ",MOW_Mowbray's,,5867841,F2B_FP-Rmv2 B,4/23/2020 1:09:06,,Unit,,,MOW_Mowbray's,MOW_Mowbray's Tree Service,5/10/2020 0:18:28,remove wood ,rayalm_awrr,5/10/2020 0:18:33,Sierra,SI_Sierra,1012547250,NO ADDRESS LISTED,,fsancm_awrr,2/5/2020 19:19:33,BE_geomartawrrprod,5/10/2020 0:30:27,{00000000-0000-0000-0000-000000000000},LP_AU115-B05_1667040,635315e4-6a00-4d5b-9638-524e8a6e9266
-1,PI,VP_AU115-B05_1346181_2020,BANGOR 1101,No,CIP_AU115-B05_333206,Tree Work Complete,,MGE_Mountain G Enterprises,Blue Oak,No,No,14,50,,3,3,F2B_FP-Rmv2 B,Cut and Leave,No,,"Pole F8 to Pole F9,.1span, east of line, approximately 25ft from line, removing because tree has insects as well as moderate lean and weight distribution towards line ",MOW_Mowbray's,,5867841,F2B_FP-Rmv2 B,4/23/2020 18:25:48,,Unit,,,MOW_Mowbray's,MOW_Mowbray's Tree Service,5/10/2020 0:17:36,cut wood into 16"" sections ,rayalm_awrr,5/10/2020 0:17:40,Sierra,SI_Sierra,1012547250,NO ADDRESS LISTED,,fsancm_awrr,2/5/2020 19:24:30,BE_geomartawrrprod,5/10/2020 0:30:27,{00000000-0000-0000-0000-000000000000},LP_AU115-B05_1667040,bbf5f923-8b9a-4340-bd5f-c1ec02fa0377
-1,PI,VP_AU115-B04_1346187_2020,BANGOR 1101,No,CIP_AU115-B04_333293,Tree Work Complete,,MGE_Mountain G Enterprises,Brush (misc),No,No,1,10,,1,3,BC_Br Rmv,Chip on site/broadcast,No,,"Pole r7-pole r8, 0.7 span, under line, brush unit of immature live oak, black oak and valley oak",MOW_Mowbray's,MOW_Mowbray's Tree Service,5865456,BC_Br Rmv,4/30/2020 0:45:53,,Unit,,,MOW_Mowbray's,MOW_Mowbray's Tree Service,5/10/2020 0:56:56,Chip and pile brush in pre existing pile at front of driveway ,rayalm_awrr,5/10/2020 0:56:58,Sierra,SI_Sierra,1012546731,13242 BEACON LN,OREGON HOUSE,cdanim_awrr,2/5/2020 19:25:33,BE_geomartawrrprod,5/10/2020 2:30:28,{00000000-0000-0000-0000-000000000000},LP_AU115-B04_1668602,3513ec5b-9b45-44e8-817d-b63457ca58ba
-1,PI,VP_AU115-B04_1346236_2020,BANGOR 1101,No,CIP_AU115-B04_333293,Tree Work Complete,,MGE_Mountain G Enterprises,Ponderosa Pine,No,No,24,50,,3,3,R3B_Rmv 3-B,Haul offsite,No,,"Pole R7 to pole R8, 0.8 span, 20 feet north of line, canopy is 1/3 , slight lean towards facility.",MOW_Mowbray's,MOW_Mowbray's Tree Service,5865470,R3B_Rmv 3-B,4/28/2020 23:30:22,,Unit,,,MOW_Mowbray's,MOW_Mowbray's Tree Service,5/10/2020 0:53:54,"Remove all wood,chip and pile brush.",rayalm_awrr,5/10/2020 0:53:57,Sierra,SI_Sierra,1012546731,13242 BEACON LN,OREGON HOUSE,osepum_awrr,2/5/2020 19:28:16,BE_geomartawrrprod,5/10/2020 2:30:28,{00000000-0000-0000-0000-000000000000},LP_AU115-B04_1668602,e43d866d-196e-42f5-bd0a-dadf9d2bae75
-1,PI,VP_AU115-B04_1346265_2020,BANGOR 1101,No,CIP_AU115-B04_333293,Tree Work Complete,,MGE_Mountain G Enterprises,Brush (misc),No,No,1,20,,1,3,BC_Br Rmv,Chip on site/broadcast,No,,"Pole r7- pole r8, 0.8 span, under line, brush unit of immature valley and black oak",MOW_Mowbray's,MOW_Mowbray's Tree Service,5865456,BC_Br Rmv,4/30/2020 0:41:27,,Unit,,,MOW_Mowbray's,MOW_Mowbray's Tree Service,5/10/2020 0:57:24,Chip and pile in pre existing pile at front of driveway ,rayalm_awrr,5/10/2020 0:57:26,Sierra,SI_Sierra,1012546731,13242 BEACON LN,OREGON HOUSE,cdanim_awrr,2/5/2020 19:30:22,BE_geomartawrrprod,5/10/2020 2:30:28,{00000000-0000-0000-0000-000000000000},LP_AU115-B04_1668602,2a1dea30-2923-4eb3-8085-5a1f7fcadf69
-1,PI,VP_AU115-B04_1346514_2020,BANGOR 1101,No,CIP_AU115-B04_333293,Tree Work Complete,,MGE_Mountain G Enterprises,Valley Oak,No,No,7,35,,3,3,R1B_Rmv 1-B,Cut and Leave,No,,"Pole R7 to Pole R8, under line, potential growth into line",MOW_Mowbray's,MOW_Mowbray's Tree Service,5865456,F1B_FP-Rmv1 B,5/8/2020 0:43:47,,Unit,,,MOW_Mowbray's,MOW_Mowbray's Tree Service,5/10/2020 0:58:33,"Remove all wood,chip and pile brush.",rayalm_awrr,5/10/2020 0:58:36,Sierra,SI_Sierra,1012546731,13242 BEACON LN,OREGON HOUSE,osepum_awrr,2/5/2020 19:45:05,BE_geomartawrrprod,5/10/2020 2:30:28,{00000000-0000-0000-0000-000000000000},LP_AU115-B04_1668602,97aa1bb0-d8bc-4abd-8a15-eaa87323cf3c
-1,PI,VP_AU115-B04_1346944_2020,BANGOR 1101,No,CIP_AU115-B04_333442,Tree Work Complete,,MGE_Mountain G Enterprises,Cedar,No,No,7,30,,3,3,R1B_Rmv 1-B,Haul offsite,No,,"Pole R7 to Pole R8, .09 span, under line, potential strike to guy wire, potential strike to facility,prior top trim.",MOW_Mowbray's,MOW_Mowbray's Tree Service,5865456,F1B_FP-Rmv1 B,5/8/2020 0:40:11,,Unit,,,MOW_Mowbray's,MOW_Mowbray's Tree Service,5/10/2020 1:04:12,"Remove all wood,chip and pile brush.",rayalm_awrr,5/10/2020 1:04:14,Sierra,SI_Sierra,1012546759,13197 BEACON LN,OREGON HOUSE,osepum_awrr,2/5/2020 20:07:54,BE_geomartawrrprod,5/10/2020 2:30:28,{00000000-0000-0000-0000-000000000000},LP_AU115-B04_1668806,3cd26003-8faf-435e-abf4-7f41022091d3
-1,PI,VP_AU115-B04_1347693_2020,BANGOR 1101,No,CIP_AU115-B04_333442,Tree Work Complete,,MGE_Mountain G Enterprises,Ponderosa Pine,No,No,26,105,,3,3,SD_Side,Haul offsite,No,,"Pole r7- pole r8, 0.9 span, 15 ft east of line, encroaching minimum clearance with potential to overhang",MOW_Mowbray's,MOW_Mowbray's Tree Service,5872407,SD_Side,5/11/2020 23:14:56,,Unit,,,,,,"Remove wood, chip and pile all slash in preexisting pile at front of driveway on co owned property ",rayalm_awrr,5/11/2020 23:15:30,Sierra,SI_Sierra,1012546759,13197 BEACON LN,OREGON HOUSE,cdanim_awrr,2/5/2020 21:08:04,BE_geomartawrrprod,5/12/2020 0:33:26,{00000000-0000-0000-0000-000000000000},LP_AU115-B04_1668806,1e4b4573-6ed7-4e44-8299-2dc30329cf3a
-1,PI,VP_AU115-B04_1347724_2020,BANGOR 1101,No,CIP_AU115-B04_333442,Tree Work Complete,,MGE_Mountain G Enterprises,Blue Oak,No,No,6,40,,3,3,R1B_Rmv 1-B,Cut and Leave,No,,"Pole R7 to Pole R8,0.9,span,10 feet south of span, potential strike to both guy wire and facility, slight lean towards facility.",MOW_Mowbray's,MOW_Mowbray's Tree Service,5865456,F1B_FP-Rmv1 B,5/8/2020 0:41:49,,Unit,,,MOW_Mowbray's,MOW_Mowbray's Tree Service,5/10/2020 1:03:17,"Remove all wood,chip and pile brush.",rayalm_awrr,5/10/2020 1:03:20,Sierra,SI_Sierra,1012546759,13197 BEACON LN,OREGON HOUSE,osepum_awrr,2/5/2020 21:12:24,BE_geomartawrrprod,5/10/2020 2:30:28,{00000000-0000-0000-0000-000000000000},LP_AU115-B04_1668806,db98673b-1dfa-4d2e-9803-c46c10d10332
-1,PI,VP_AU115-B04_1347751_2020,BANGOR 1101,No,CIP_AU115-B04_333442,Tree Work Complete,,MGE_Mountain G Enterprises,Ponderosa Pine,No,No,22,100,,4,3,R2B_Rmv 2-B,Haul offsite,No,,"Pole r7-pole r8, 0.9 span, 10 ft east of line, suppressed by Surrounding Trees, poor canopy distribution, potential to encroach minimum clearance and overhang, trim to scope would be hazard to tree health",MOW_Mowbray's,MOW_Mowbray's Tree Service,5865456,F2B_FP-Rmv2 B,5/8/2020 0:44:39,,Unit,,,MOW_Mowbray's,MOW_Mowbray's Tree Service,5/10/2020 0:59:31,"Remove wood, chip and pile all slash in pre existing pile at front of driveway on co-owned parcel",rayalm_awrr,5/10/2020 0:59:34,Sierra,SI_Sierra,1012546759,13197 BEACON LN,OREGON HOUSE,cdanim_awrr,2/5/2020 21:14:09,BE_geomartawrrprod,5/10/2020 2:30:28,{00000000-0000-0000-0000-000000000000},LP_AU115-B04_1668806,20d2d638-31b6-4c90-a7be-2895a2ad321c
-1,PI,VP_AU115-B04_1347786_2020,BANGOR 1101,No,CIP_AU115-B04_333442,Tree Work Complete,,MGE_Mountain G Enterprises,Ponderosa Pine,No,No,22,100,,4,3,R2B_Rmv 2-B,Haul offsite,No,,"Pole r7-pole r8, 0.9 span, 10 ft east of line, suppressed by Surrounding Trees, poor canopy distribution, potential to encroach minimum clearance and overhang, trim to scope would be hazard to tree health",MOW_Mowbray's,MOW_Mowbray's Tree Service,5872407,F2B_FP-Rmv2 B,5/11/2020 23:14:08,,Unit,,,MOW_Mowbray's,MOW_Mowbray's Tree Service,5/12/2020 23:26:14,"Remove wood, chip and pile all slash in pre existing pile at front of driveway on co-owned parcel",rayalm_awrr,5/12/2020 23:26:17,Sierra,SI_Sierra,1012546759,13197 BEACON LN,OREGON HOUSE,cdanim_awrr,2/5/2020 21:17:50,BE_geomartawrrprod,5/13/2020 0:32:46,{00000000-0000-0000-0000-000000000000},LP_AU115-B04_1668806,993ab845-99d3-412f-aa85-48c7cfc18b6c
-1,PI,VP_AU115-B04_1347824_2020,BANGOR 1101,No,CIP_AU115-B04_333442,Tree Work Complete,,MGE_Mountain G Enterprises,Brush (misc),No,No,1,10,,1,3,BC_Br Rmv,Chip on site/broadcast,No,,"Pole r7- pole r8, 0.9 span, under line, less than 1 brush unit, 2-3 DBH ponderosas near pole under line",MOW_Mowbray's,MOW_Mowbray's Tree Service,5865456,BC_Br Rmv,5/8/2020 0:42:54,,Unit,,,MOW_Mowbray's,MOW_Mowbray's Tree Service,5/10/2020 0:59:04,"Remove wood, chip and pile all slash in pre existing pile at front of driveway on co-owned parcel",rayalm_awrr,5/10/2020 0:59:06,Sierra,SI_Sierra,1012546759,13197 BEACON LN,OREGON HOUSE,cdanim_awrr,2/5/2020 21:21:36,BE_geomartawrrprod,5/10/2020 2:30:28,{00000000-0000-0000-0000-000000000000},LP_AU115-B04_1668806,8885a3a6-cc81-436b-8f59-b08b54ab178e
-1,PI,VP_AU115-B04_1347888_2020,BANGOR 1101,No,CIP_AU115-B04_333442,Tree Work Complete,,MGE_Mountain G Enterprises,Ponderosa Pine,No,No,34,90,,3,3,R3B_Rmv 3-B,Haul offsite,No,,"Pole R7 to pole R8, 0.9 span, 10 feet south of line, slight lean towards facility, removing canopy to scope will cause severe damage to tree,",MOW_Mowbray's,MOW_Mowbray's Tree Service,5865470,R3B_Rmv 3-B,4/28/2020 22:39:54,,Unit,,,MOW_Mowbray's,MOW_Mowbray's Tree Service,5/11/2020 23:17:05,"Remove all wood,chip and pile brush.",rayalm_awrr,5/11/2020 23:17:08,Sierra,SI_Sierra,1012546759,13197 BEACON LN,OREGON HOUSE,osepum_awrr,2/5/2020 21:24:06,BE_geomartawrrprod,5/12/2020 0:33:26,{00000000-0000-0000-0000-000000000000},LP_AU115-B04_1668806,d4974082-7187-40ee-a862-bd8e241f1af8
-1,PI,VP_AU115-B04_1347980_2020,BANGOR 1101,No,CIP_AU115-B04_333442,Tree Work Complete,,MGE_Mountain G Enterprises,Blue Oak,No,No,8,15,,2,3,R1A_Rmv 1-A,Cut and Leave,No,,"Pole r8-pole r9, 0.1 span, under line, previously topped, 2x stem",MOW_Mowbray's,MOW_Mowbray's Tree Service,5865456,F1B_FP-Rmv1 B,5/8/2020 0:39:28,,Unit,,,MOW_Mowbray's,MOW_Mowbray's Tree Service,5/10/2020 1:01:32,"Cut wood to 16 inches, chip and pile all slash in pre existing pile at front of driveway on co-owned parcel",rayalm_awrr,5/10/2020 1:01:34,Sierra,SI_Sierra,1012546759,13197 BEACON LN,OREGON HOUSE,cdanim_awrr,2/5/2020 21:26:50,BE_geomartawrrprod,5/10/2020 2:30:28,{00000000-0000-0000-0000-000000000000},LP_AU115-B04_1668806,f8fc1f50-f97d-4a5e-9c85-c2b18b235a07
-1,PI,VP_AU115-B04_1348237_2020,BANGOR 1101,No,CIP_AU115-B04_333442,Tree Work Complete,,MGE_Mountain G Enterprises,Ponderosa Pine,No,No,15,25,,2,3,R2B_Rmv 2-B,Haul offsite,No,,"Pole r8-r9, 0.2 span, 5 ft west of line, previously topped",MOW_Mowbray's,MOW_Mowbray's Tree Service,5865470,R2B_Rmv 2-B,5/6/2020 17:57:33,,Unit,,,MOW_Mowbray's,MOW_Mowbray's Tree Service,5/10/2020 1:00:02,"Remove wood, chip and pile all slash in pre existing pile at front of driveway on co-owned parcel",rayalm_awrr,5/10/2020 1:00:05,Sierra,SI_Sierra,1012546759,13197 BEACON LN,OREGON HOUSE,cdanim_awrr,2/5/2020 21:41:46,BE_geomartawrrprod,5/10/2020 2:30:28,{00000000-0000-0000-0000-000000000000},LP_AU115-B04_1668806,abc024ad-4e5d-4d49-aa71-ca7fced02563
-1,PI,VP_AU115-B05_1348319_2020,BANGOR 1101,No,CIP_AU115-B05_333204,Tree Work Complete,,MGE_Mountain G Enterprises,Black Oak,No,No,39,70,,4,3,F4B_FP-Rmv4 B,Cut and Leave,No,Riparian,"Pole F7 to Pole F8, .6span, east of line,approximately 70 ft from line ,3x stem tree, removing because tree leans towards line and has weight distribution towards line as well. tree has included bark ",MOW_Mowbray's,,5866305,F4B_FP-Rmv4 B,4/23/2020 1:08:34,,Unit,,,MOW_Mowbray's,MOW_Mowbray's Tree Service,5/10/2020 0:15:27,Cut into 20 inches. Chip and broadcast debris. ,rayalm_awrr,5/10/2020 0:15:30,Sierra,SI_Sierra,1012546721,13263 SKY MEADOW WAY,OREGON HOUSE,fsancm_awrr,2/5/2020 21:45:38,BE_geomartawrrprod,5/10/2020 0:30:27,{00000000-0000-0000-0000-000000000000},LP_AU115-B05_1667254,ac95c696-2bf9-43b4-a772-44c126f0725c
-1,PI,VP_AU115-B04_1348350_2020,BANGOR 1101,No,CIP_AU115-B04_333442,Tree Work Complete,,MGE_Mountain G Enterprises,Ponderosa Pine,No,No,16,35,,3,3,R2B_Rmv 2-B,Haul offsite,No,,"Pole R8 to pole R9, 0.1 span, under line, prior trim, potential strike to wire ",MOW_Mowbray's,MOW_Mowbray's Tree Service,5865470,R2B_Rmv 2-B,5/6/2020 17:58:28,,Unit,,,MOW_Mowbray's,MOW_Mowbray's Tree Service,5/10/2020 1:00:56,"Remove all wood,chip and pile brush.",rayalm_awrr,5/10/2020 1:00:58,Sierra,SI_Sierra,1012546759,13197 BEACON LN,OREGON HOUSE,osepum_awrr,2/5/2020 21:47:25,BE_geomartawrrprod,5/10/2020 2:30:28,{00000000-0000-0000-0000-000000000000},LP_AU115-B04_1668806,05995eb2-f65a-4e04-b37c-8bc3cc0af4a8
-1,PI,VP_AU115-B04_1348579_2020,BANGOR 1101,No,CIP_AU115-B04_333442,Tree Work Complete,,MGE_Mountain G Enterprises,Ponderosa Pine,No,No,22,80,,5,3,R2B_Rmv 2-B,Haul offsite,No,,"Pole r8-pole r9, 0.3 span, 25 southwest of line, cankers at base, slight lean towards line, suppressed by Surrounding Trees, poor canopy distribution, likely to encroach minimum clearance within next growth cycle, trim to scope would hazard to tree health",MOW_Mowbray's,MOW_Mowbray's Tree Service,5865470,R2B_Rmv 2-B,5/6/2020 17:56:26,,Unit,,,MOW_Mowbray's,MOW_Mowbray's Tree Service,5/10/2020 1:06:37,"Remove wood, chip and pile all slash in pre existing pile at front of driveway on co-owned parcel",rayalm_awrr,5/10/2020 1:06:39,Sierra,SI_Sierra,1012546759,13197 BEACON LN,OREGON HOUSE,cdanim_awrr,2/5/2020 22:01:46,BE_geomartawrrprod,5/10/2020 2:30:28,{00000000-0000-0000-0000-000000000000},LP_AU115-B04_1668806,4925ab3c-3f3a-4b9b-b62b-de413b8c2518
-1,PI,VP_AU115-B04_1348712_2020,BANGOR 1101,No,CIP_AU115-B04_333442,Tree Work Complete,,MGE_Mountain G Enterprises,Ponderosa Pine,No,No,18,110,,3,3,R2B_Rmv 2-B,Haul offsite,No,,"Pole R8 to Pole R9, 0.2, span, 40 feet south west of line, poor canopy distribution ",MOW_Mowbray's,MOW_Mowbray's Tree Service,5865470,R2B_Rmv 2-B,5/6/2020 17:55:27,,Unit,,,MOW_Mowbray's,MOW_Mowbray's Tree Service,5/10/2020 1:05:04,"Remove wood, chip and pile brush in pre existing pile at front of driveway",rayalm_awrr,5/10/2020 1:05:07,Sierra,SI_Sierra,1012546759,13197 BEACON LN,OREGON HOUSE,osepum_awrr,2/5/2020 22:10:36,BE_geomartawrrprod,5/10/2020 2:30:28,{00000000-0000-0000-0000-000000000000},LP_AU115-B04_1668806,1604fb30-4e39-4375-9a0a-12c2b5bddc92
-1,PI,VP_AU115-B04_1348814_2020,BANGOR 1101,No,CIP_AU115-B04_333442,Tree Work Complete,,MGE_Mountain G Enterprises,Ponderosa Pine,No,No,22,70,,3,3,R2B_Rmv 2-B,Haul offsite,No,,"Pole R8 to Pole R9, 0.2, span, south west of line, poor canopy distribution",MOW_Mowbray's,MOW_Mowbray's Tree Service,5865470,R2B_Rmv 2-B,5/6/2020 0:50:01,,Unit,,,MOW_Mowbray's,MOW_Mowbray's Tree Service,5/10/2020 1:05:29,"Remove wood, chip and pile all slash in pre existing pile at front of driveway on co-owned parcel",rayalm_awrr,5/10/2020 1:05:32,Sierra,SI_Sierra,1012546759,13197 BEACON LN,OREGON HOUSE,osepum_awrr,2/5/2020 22:20:30,BE_geomartawrrprod,5/10/2020 2:30:28,{00000000-0000-0000-0000-000000000000},LP_AU115-B04_1668806,901ab2bf-f4ae-4b5c-8277-3c1de371ddba
-1,PI,VP_AU115-B04_1348832_2020,BANGOR 1101,No,CIP_AU115-B04_333442,Tree Work Complete,,MGE_Mountain G Enterprises,Ponderosa Pine,No,No,18,65,,5,3,F2B_FP-Rmv2 B,Haul offsite,No,,"Pole r8-r9, 0.4 span, 55 ft south west of line, suppressed by Surrounding Trees, poor canopy distribution, die back",MOW_Mowbray's,MOW_Mowbray's Tree Service,5865456,F2B_FP-Rmv2 B,5/5/2020 1:14:45,,Unit,,,MOW_Mowbray's,MOW_Mowbray's Tree Service,5/10/2020 1:07:07,Remove all wood chip and pile all slash in ore existing pile in front of driveway on co owned parcel,rayalm_awrr,5/10/2020 1:07:10,Sierra,SI_Sierra,1012546759,13197 BEACON LN,OREGON HOUSE,cdanim_awrr,2/5/2020 22:20:41,BE_geomartawrrprod,5/10/2020 2:30:28,{00000000-0000-0000-0000-000000000000},LP_AU115-B04_1668806,f1b08900-b174-465e-ada4-413f8c2991b8
-1,PI,VP_AU115-B05_1349676_2020,BANGOR 1101,No,CIP_AU115-B05_333204,Tree Work Complete,,MGE_Mountain G Enterprises,Black Oak,No,No,10,50,,3,3,F1B_FP-Rmv1 B,Cut and Leave,No,Riparian,"Pole F7 to Pole F8, 2.span, east of line,removing because the tree is surpressed and slight lean towards facilities. Poor taper. ",MOW_Mowbray's,,5866305,F1B_FP-Rmv1 B,4/21/2020 21:59:18,,Unit,,,MOW_Mowbray's,MOW_Mowbray's Tree Service,5/10/2020 0:14:22,cut into 20 inch logs. Chip and broadcast debris. ,rayalm_awrr,5/10/2020 0:14:25,Sierra,SI_Sierra,1012546721,13263 SKY MEADOW WAY,OREGON HOUSE,fsancm_awrr,2/5/2020 23:05:26,BE_geomartawrrprod,5/10/2020 0:30:27,{00000000-0000-0000-0000-000000000000},LP_AU115-B05_1667254,5a374aac-f584-4d60-bf8b-c9eabe34f9f2
-1,PI,VP_AU115-B05_1349795_2020,BANGOR 1101,No,CIP_AU115-B05_333204,Tree Work Complete,,MGE_Mountain G Enterprises,Interior Live Oak,No,No,38,70,,3,3,F4B_FP-Rmv4 B,Cut and Leave,No,Riparian,"Pole F7 to Pole F8, 1.span, east of line, 2x stem tree,removing because 1 stem is leaning towards line, tree has full canopy and included bark at base   ",MOW_Mowbray's,,5866305,F4B_FP-Rmv4 B,4/21/2020 22:03:56,,Unit,,,MOW_Mowbray's,MOW_Mowbray's Tree Service,5/10/2020 0:16:34,Cut wood into 20”. Chip and broadcast debris. ,rayalm_awrr,5/10/2020 0:16:44,Sierra,SI_Sierra,1012546721,13263 SKY MEADOW WAY,OREGON HOUSE,fsancm_awrr,2/5/2020 23:14:28,BE_geomartawrrprod,5/10/2020 0:30:27,{00000000-0000-0000-0000-000000000000},LP_AU115-B05_1667254,a793491d-28da-4237-a745-ae6a1bbd42ac
-1,PI,VP_AU115-B09_1352927_2020,BANGOR 1101,No,CIP_AU115-B04_333443,Tree Work Complete,,MGE_Mountain G Enterprises,Ponderosa Pine,No,No,27,100,,3,3,Trim,Haul offsite,No,,"Pole r9- pole r10, 0.9 span, 20 ft south west of line, potential to encroach minimum clearance within next growth cycle from above and below conductors. Trim to 12 foot clearance. Do not trim to top",MOW_Mowbray's,MOW_Mowbray's Tree Service,5872407,SD_Side,5/11/2020 23:11:59,,Unit,,,MOW_Mowbray's,MOW_Mowbray's Tree Service,5/12/2020 23:14:14,Remove all wood and slash,rayalm_awrr,5/12/2020 23:14:16,Sierra,SI_Sierra,1012538803,13147 BEACON LN,OREGON HOUSE,cdanim_awrr,2/6/2020 18:10:39,BE_geomartawrrprod,5/13/2020 0:32:46,{00000000-0000-0000-0000-000000000000},LP_AU115-B04_1679924,e2eac9a5-665d-49b0-a68c-c9ac4b30a6a1
-1,PI,VP_AU115-B09_1352991_2020,BANGOR 1101,No,CIP_AU115-B04_333443,Tree Work Complete,,MGE_Mountain G Enterprises,Ponderosa Pine,No,No,23,140,,3,3,R2B_Rmv 2-B,Haul offsite,No,,"pole R10 to Pole R11, 0.1 span, 45 feet south east of line, potential to strike facility, co-dom top, potential to strike guy wire,",MOW_Mowbray's,MOW_Mowbray's Tree Service,5872407,F2B_FP-Rmv2 B,5/11/2020 23:07:48,,Unit,,,MOW_Mowbray's,MOW_Mowbray's Tree Service,5/12/2020 23:14:43,pile all slash and remove wood.,rayalm_awrr,5/12/2020 23:14:46,Sierra,SI_Sierra,1012538803,13147 BEACON LN,OREGON HOUSE,osepum_awrr,2/6/2020 18:14:59,BE_geomartawrrprod,5/13/2020 0:32:46,{00000000-0000-0000-0000-000000000000},LP_AU115-B04_1679924,ef3f3b71-442c-4d73-839f-4489caaa7a58
-1,PI,VP_AU115-B05_1353112_2020,BANGOR 1101,No,CIP_AU115-B05_333205,Tree Work Complete,,MGE_Mountain G Enterprises,Blue Oak,No,No,7,12,,3,3,R1B_Rmv 1-B,Chip on site/broadcast,No,Riparian,"Pole F6 to F7, at F7 north of pole, at guy wire, tree is causing strain and abrasion, 2 stems at DBH. 1/3 of the canopy would be removed. ",MOW_Mowbray's,,5866305,R1B_Rmv 1-B,4/21/2020 22:02:44,,Unit,,,MOW_Mowbray's,MOW_Mowbray's Tree Service,5/10/2020 0:02:31,"cut into chips for customer, and pile behind customers house ",rayalm_awrr,5/10/2020 0:02:33,Sierra,SI_Sierra,1012546721,13263 SKY MEADOW WAY,OREGON HOUSE,fsancm_awrr,2/6/2020 18:21:09,BE_geomartawrrprod,5/10/2020 0:30:27,{00000000-0000-0000-0000-000000000000},LP_AU115-B05_1667254,382ca2f4-83e8-46f6-b82e-d491477d301c
-1,PI,VP_AU115-B09_1353220_2020,BANGOR 1101,No,CIP_AU115-B04_333443,Tree Work Complete,,MGE_Mountain G Enterprises,Ponderosa Pine,No,No,21,110,,3,3,R2B_Rmv 2-B,Haul offsite,No,,"pole R10 to Pole R11, 0.1 span, 65 feet south east of line, potential to strike facility, co-dom top, potential to strike guy wire,",MOW_Mowbray's,MOW_Mowbray's Tree Service,5872407,F2B_FP-Rmv2 B,5/8/2020 0:37:55,,Unit,,,MOW_Mowbray's,MOW_Mowbray's Tree Service,5/10/2020 1:09:13,remove all slash and wood,rayalm_awrr,5/10/2020 1:09:16,Sierra,SI_Sierra,1012538803,13147 BEACON LN,OREGON HOUSE,osepum_awrr,2/6/2020 18:26:16,BE_geomartawrrprod,5/10/2020 2:30:28,{00000000-0000-0000-0000-000000000000},LP_AU115-B04_1679924,5636abf0-5945-44cf-8b6d-052c8898b8f9
-1,PI,VP_AU115-B04_1353520_2020,BANGOR 1101,No,CIP_AU115-B04_333333,Tree Work Complete,,MGE_Mountain G Enterprises,Ponderosa Pine,No,No,4,30,,1,3,R1B_Rmv 1-B,Haul offsite,No,,Pole 2- Pole 3; 0.6 span; 10 feet West of line; R1 tree with poor taper growing close to line,MOW_Mowbray's,"PEI_P31 Enterprises, Inc.",,R1B_Rmv 1-B,2/12/2020 0:12:04,,Unit,,,MOW_Mowbray's,MOW_Mowbray's Tree Service,5/12/2020 16:08:50,Remove all wood debri,rayalm_awrr,5/12/2020 16:08:52,Sierra,SI_Sierra,1012546525,13350 ACME WAY,OREGON HOUSE,sgonzm_awrr,2/6/2020 18:47:20,BE_geomartawrrprod,5/12/2020 16:32:11,{00000000-0000-0000-0000-000000000000},LP_AU115-B04_1668512,37e95758-2e64-46d0-b89b-1a46e906d68b
-1,PI,VP_AU115-B04_1355071_2020,BANGOR 1101,No,CIP_AU115-B04_333333,Tree Work Complete,,MGE_Mountain G Enterprises,Ponderosa Pine,No,No,25,96,,6,3,F3B_FP-Rmv3 B,Haul offsite,No,,Poles 2-3; .3 span; its 3 ft East away from the lines to close in proximity; over hanging limbs. Removal . ,MOW_Mowbray's,MOW_Mowbray's Tree Service,5865470,F3B_FP-Rmv3 B,4/28/2020 19:33:57,,Unit,,,MOW_Mowbray's,MOW_Mowbray's Tree Service,5/12/2020 16:10:32,Remove all wood and debris ,rayalm_awrr,5/12/2020 16:10:34,Sierra,SI_Sierra,1012546525,13350 ACME WAY,OREGON HOUSE,emejim_awrr,2/6/2020 20:20:28,BE_geomartawrrprod,5/12/2020 16:32:11,{00000000-0000-0000-0000-000000000000},LP_AU115-B04_1668512,1e2b090e-4970-4e73-ab8f-64476485491f
-1,PI,VP_AU115-C02_1371678_2020,BANGOR 1101,No,CIP_AU115-C02_333250,Tree Work Complete,,MGE_Mountain G Enterprises,Live Oak,No,No,5,33,,2,4,R1B_Rmv 1-B,Haul offsite,No,,"POLE3-POLE3A .2SPAN UNDERLINE, WILL GROW INTO CONDUCTORS",MOW_Mowbray's,,5456843,R1B_Rmv 1-B,5/8/2020 5:01:39,,Unit,,,,,,Remove all wood and debris,rayalm_awrr,5/11/2020 23:44:09,Sierra,SI_Sierra,1012545957,13306 PROVIDENCE WAY,OREGON HOUSE,cedinm_awrr,2/10/2020 20:43:01,BE_geomartawrrprod,5/12/2020 0:33:26,{00000000-0000-0000-0000-000000000000},LP_AU115-C02_1667974,2df13f94-8a41-4292-ae07-d0457e8d7a01
-1,PI,VP_AT114-P14_1375948_2020,BANGOR 1101,No,CIP_AT114-P14_316217,Tree Work Complete,Fail,NCR_North Coast Resource Management,Live Oak,No,No,8,42,,3,3,F1B_FP-Rmv1 B,Cut and Leave,No,,"0.9 span, 39 feet east of pole, pole 27- pole 28, could strike pole, cat face, bark coming off of trunk, slight lean toward the facility",MOW_Mowbray's,"PEI_P31 Enterprises, Inc.",,F1B_FP-Rmv1 B,5/12/2020 21:11:04,,Unit,,,,,,"Cut into 16 inch rounds, remove all slash ",rayalm_awrr,5/12/2020 21:11:13,Sierra,SI_Sierra,1012543525,14245 NEPTUNE LN,BROWNS VALLEY,klinn_awrr,2/11/2020 18:36:23,BE_geomartawrrprod,5/12/2020 22:32:43,{00000000-0000-0000-0000-000000000000},LP_AT114-P14_1677054,98b6f70a-dd7e-41ef-808b-571a301cf192
-1,PI,VP_AT114-P14_1375950_2020,BANGOR 1101,No,CIP_AT114-P14_317874,Tree Work Complete,Fail,NCR_North Coast Resource Management,Brush (misc),No,No,0,15,,0,3,BC_Br Rmv,Haul offsite,No,,0.1 span. Pole 27 A to 27 B. 15 feet northwest of the line. Poor taper. Weight towards the line,MOW_Mowbray's,"PEI_P31 Enterprises, Inc.",,BC_Br Rmv,2/6/2020 22:05:57,,Unit,,,,,,Remove all slash and chippings,rayalm_awrr,5/12/2020 21:06:05,Sierra,SI_Sierra,1012543525,14245 NEPTUNE LN,BROWNS VALLEY,klinn_awrr,2/11/2020 18:49:03,BE_geomartawrrprod,5/12/2020 22:32:43,{00000000-0000-0000-0000-000000000000},LP_AT114-P14_1677054,3a2734ee-19df-4007-bea2-0e15be310ea4
-1,PI,VP_AT114-P14_1375955_2020,BANGOR 1101,No,CIP_AT114-P14_317874,Tree Work Complete,Fail,NCR_North Coast Resource Management,Blue Oak,No,No,9,36,,3,3,F1B_FP-Rmv1 B,Not Needed,No,,"0.3 span. Pole 27 A to 27 B. 30 feet northwest of line, bottom half of tree limbs are failing, weight towards the line, unhealthy tree, scarring at the base",MOW_Mowbray's,"PEI_P31 Enterprises, Inc.",,F1B_FP-Rmv1 B,5/12/2020 21:11:35,,Unit,,,,,,,rayalm_awrr,5/12/2020 21:11:36,Sierra,SI_Sierra,1012543525,14245 NEPTUNE LN,BROWNS VALLEY,klinn_awrr,2/11/2020 18:58:52,BE_geomartawrrprod,5/12/2020 22:32:43,{00000000-0000-0000-0000-000000000000},LP_AT114-P14_1677054,a970cd27-72c5-49f4-8c8c-626eb6cb2b1f
-1,PI,VP_AT114-P14_1375956_2020,BANGOR 1101,No,CIP_AT114-P14_317874,Tree Work Complete,Fail,NCR_North Coast Resource Management,Blue Oak,No,No,7,38,,3,3,F1B_FP-Rmv1 B,Cut and Leave,No,,"0.3 span. Pole 27 A to 27 B. 34 feet northwest of the line, weight toward line, dead limbs in tree, unhealthy, ",MOW_Mowbray's,"PEI_P31 Enterprises, Inc.",,F1B_FP-Rmv1 B,5/12/2020 21:12:25,,Unit,,,,,,"Cut into 16 inch rounds, remove all slash ",rayalm_awrr,5/12/2020 21:12:26,Sierra,SI_Sierra,1012543525,14245 NEPTUNE LN,BROWNS VALLEY,klinn_awrr,2/11/2020 19:01:55,BE_geomartawrrprod,5/12/2020 22:32:43,{00000000-0000-0000-0000-000000000000},LP_AT114-P14_1677054,cbf8fe74-9ba9-4ee1-b4c4-30c052dae965
-1,PI,VP_AU115-B05_1376486_2020,BANGOR 1101,No,CIP_AU115-B05_333205,Tree Work Complete,,MGE_Mountain G Enterprises,Brush (misc),No,No,1,10,,0,3,BC_Br Rmv,Chip on site/broadcast,No,Riparian,"Pole F6 to F7, at F7 north of pole, at guy wire, brush is touching facity pole and encroaching guy wire ",MOW_Mowbray's,,5866305,BC_Br Rmv,4/21/2020 22:03:07,,Unit,,,MOW_Mowbray's,MOW_Mowbray's Tree Service,5/10/2020 0:02:57,chip and move behind customers home ,rayalm_awrr,5/10/2020 0:03:00,Sierra,SI_Sierra,1012546721,13263 SKY MEADOW WAY,OREGON HOUSE,fsancm_awrr,2/11/2020 21:26:57,BE_geomartawrrprod,5/10/2020 0:30:27,{00000000-0000-0000-0000-000000000000},LP_AU115-B05_1667254,78e69d09-f00f-4af7-81a2-52113fcb550f
-1,PI,VP_AU115-B04_1382528_2020,BANGOR 1101,No,CIP_AU115-B04_333442,Tree Work Complete,,MGE_Mountain G Enterprises,Sugar Pine,No,No,11,75,,4,3,R1B_Rmv 1-B,Haul offsite,No,Riparian,"Pole r8- pole r9, 0.5 span, 60 ft west of line, suppressed by Surrounding trees, die back, ",MOW_Mowbray's,MOW_Mowbray's Tree Service,5865470,F1B_FP-Rmv1 B,5/6/2020 1:13:52,,Unit,,,MOW_Mowbray's,MOW_Mowbray's Tree Service,5/10/2020 1:08:18,Remove wood chip and pile slash in pile in driveway ,rayalm_awrr,5/10/2020 1:08:20,Sierra,SI_Sierra,1012546759,13197 BEACON LN,OREGON HOUSE,cdanim_awrr,2/12/2020 18:27:14,BE_geomartawrrprod,5/10/2020 2:30:28,{00000000-0000-0000-0000-000000000000},LP_AU115-B04_1668806,0bd98b43-ce72-498b-994e-dfdbce17a4ac
-1,PI,VP_AU115-B04_1382601_2020,BANGOR 1101,No,CIP_AU115-B04_333442,Tree Work Complete,,MGE_Mountain G Enterprises,Ponderosa Pine,No,No,7,45,,3,3,F1B_FP-Rmv1 B,Haul offsite,No,,"pole R7 to Pole R8, span 0.9, 35 feet south of line, poor taper, potential strike to guy wire.",MOW_Mowbray's,MOW_Mowbray's Tree Service,5865456,F1B_FP-Rmv1 B,5/4/2020 23:55:01,,Unit,,,MOW_Mowbray's,MOW_Mowbray's Tree Service,5/10/2020 0:28:48,chip and remove ,rayalm_awrr,5/10/2020 0:28:50,Sierra,SI_Sierra,1012546759,13197 BEACON LN,OREGON HOUSE,osepum_awrr,2/12/2020 18:33:30,BE_geomartawrrprod,5/10/2020 0:30:27,{00000000-0000-0000-0000-000000000000},LP_AU115-B04_1668806,767afaf3-967f-4b75-a51c-982fba10a18c
-1,PI,VP_AU115-B04_1382603_2020,BANGOR 1101,No,CIP_AU115-B04_333442,Tree Work Complete,,MGE_Mountain G Enterprises,Ponderosa Pine,No,No,14,85,,5,3,F2B_FP-Rmv2 B,Haul offsite,No,,"Pole r8-pole r9, 0.5 span, 80 ft south west of line, Poor taper, suppressed by Surrounding trees ",MOW_Mowbray's,MOW_Mowbray's Tree Service,5865456,F2B_FP-Rmv2 B,5/4/2020 23:48:14,,Unit,,,MOW_Mowbray's,MOW_Mowbray's Tree Service,5/10/2020 0:26:12,remove all wood and slash,rayalm_awrr,5/10/2020 0:26:15,Sierra,SI_Sierra,1012546438,9040 MORNING STAR LN,OREGON HOUSE,cdanim_awrr,2/12/2020 18:33:38,BE_geomartawrrprod,5/10/2020 0:30:27,{00000000-0000-0000-0000-000000000000},LP_AU115-B04_1669063,8d422a8b-81d4-441e-a313-fdd545cbb0b3
-1,PI,VP_AU115-B04_1382647_2020,BANGOR 1101,No,CIP_AU115-B04_333442,Tree Work Complete,,MGE_Mountain G Enterprises,Ponderosa Pine,No,No,8,46,,3,3,F1B_FP-Rmv1 B,Haul offsite,No,,"pole R7 to Pole R8, span 0.9, 35 feet south of line,poor taper, potential strike to guy wire.",MOW_Mowbray's,MOW_Mowbray's Tree Service,5865456,F2B_FP-Rmv2 B,5/4/2020 23:54:03,,Unit,,,MOW_Mowbray's,MOW_Mowbray's Tree Service,5/10/2020 0:28:25,chip and remove ,rayalm_awrr,5/10/2020 0:28:28,Sierra,SI_Sierra,1012546438,9040 MORNING STAR LN,OREGON HOUSE,osepum_awrr,2/12/2020 18:36:30,BE_geomartawrrprod,5/10/2020 0:30:27,{00000000-0000-0000-0000-000000000000},LP_AU115-B04_1669063,31733ba6-306e-441b-a7c0-bdf1ac3346f7
-1,PI,VP_AU115-B04_1382708_2020,BANGOR 1101,No,CIP_AU115-B04_333442,Tree Work Complete,,MGE_Mountain G Enterprises,Ponderosa Pine,No,No,12,75,,5,3,F2B_FP-Rmv2 B,Haul offsite,No,Riparian,"Pole r8-pole r9, 0.4 span, 70 ft south west of line, poor taper, suppressed by Surrounding trees",MOW_Mowbray's,MOW_Mowbray's Tree Service,5865456,F2B_FP-Rmv2 B,5/4/2020 23:49:33,,Unit,,,MOW_Mowbray's,MOW_Mowbray's Tree Service,5/10/2020 0:26:44,Remove all wood and slash ,rayalm_awrr,5/10/2020 0:26:47,Sierra,SI_Sierra,1012546438,9040 MORNING STAR LN,OREGON HOUSE,cdanim_awrr,2/12/2020 18:39:11,BE_geomartawrrprod,5/10/2020 0:30:27,{00000000-0000-0000-0000-000000000000},LP_AU115-B04_1669063,f38287a0-d52f-4d0c-90ba-f4ec4f62c70a
-1,PI,VP_AU115-B04_1382799_2020,BANGOR 1101,No,CIP_AU115-B04_333442,Tree Work Complete,,MGE_Mountain G Enterprises,Ponderosa Pine,No,No,12,70,,5,3,F2B_FP-Rmv2 B,Haul offsite,No,Riparian,"Pole r8-pole r9, 0.4 span, 70 ft south west of line, poor taper, suppressed by Surrounding trees ",MOW_Mowbray's,MOW_Mowbray's Tree Service,5865456,F2B_FP-Rmv2 B,5/4/2020 23:50:19,,Unit,,,MOW_Mowbray's,MOW_Mowbray's Tree Service,5/10/2020 0:27:11,Remove all wood and slash ,rayalm_awrr,5/10/2020 0:27:13,Sierra,SI_Sierra,1012546438,9040 MORNING STAR LN,OREGON HOUSE,cdanim_awrr,2/12/2020 18:41:42,BE_geomartawrrprod,5/10/2020 0:30:27,{00000000-0000-0000-0000-000000000000},LP_AU115-B04_1669063,fd68465d-0a15-4638-af29-faf0c92d5293
-1,PI,VP_AU115-B04_1382928_2020,BANGOR 1101,No,CIP_AU115-B04_333442,Tree Work Complete,,MGE_Mountain G Enterprises,Ponderosa Pine,No,No,12,60,,3,3,F2B_FP-Rmv2 B,Haul offsite,No,,"pole R8 to Pole R9, span 0.1, 60 feet south of line,poor taper, potential strike to guy wire.",MOW_Mowbray's,MOW_Mowbray's Tree Service,5865456,F2B_FP-Rmv2 B,5/4/2020 23:53:18,,Unit,,,MOW_Mowbray's,MOW_Mowbray's Tree Service,5/10/2020 0:27:59,chip and remove ,rayalm_awrr,5/10/2020 0:28:02,Sierra,SI_Sierra,1012546438,9040 MORNING STAR LN,OREGON HOUSE,osepum_awrr,2/12/2020 18:47:26,BE_geomartawrrprod,5/10/2020 0:30:27,{00000000-0000-0000-0000-000000000000},LP_AU115-B04_1669063,42e3384e-9c9f-420d-998d-987456e3eb12
-1,PI,VP_AU115-B04_1382938_2020,BANGOR 1101,No,CIP_AU115-B04_333442,Tree Work Complete,,MGE_Mountain G Enterprises,Ponderosa Pine,No,No,14,70,,5,3,F2B_FP-Rmv2 B,Haul offsite,No,Riparian,"Pole r8-pole r9, 0.2 span, 60 ft south west of line, poor taper, suppressed by Surrounding trees",MOW_Mowbray's,MOW_Mowbray's Tree Service,5865456,F2B_FP-Rmv2 B,5/4/2020 23:52:25,,Unit,,,MOW_Mowbray's,MOW_Mowbray's Tree Service,5/10/2020 0:27:34,Remove all wood and slash ,rayalm_awrr,5/10/2020 0:27:36,Sierra,SI_Sierra,1012546438,9040 MORNING STAR LN,OREGON HOUSE,cdanim_awrr,2/12/2020 18:47:48,BE_geomartawrrprod,5/10/2020 0:30:27,{00000000-0000-0000-0000-000000000000},LP_AU115-B04_1669063,ebcdc1ec-9ce4-4790-b931-201fbdfe3f0f
-1,PI,VP_AU115-C02_1383652_2020,BANGOR 1101,No,CIP_AU115-C02_333165,Tree Work Complete,,MGE_Mountain G Enterprises,Oak,No,No,22,49,,3,4,BT_Br Trim,Haul offsite,No,,Poles 3A-3B .3 span 20 feet East of lines 5Xstem,MOW_Mowbray's,,5456843,BT_Br Trim,5/12/2020 21:04:01,,Unit,,,,,,Remove all wood and debris,rayalm_awrr,5/12/2020 21:04:16,Sierra,SI_Sierra,1012545957,13306 PROVIDENCE WAY,OREGON HOUSE,lbuchm_awrr,2/12/2020 19:23:48,BE_geomartawrrprod,5/12/2020 22:32:36,{00000000-0000-0000-0000-000000000000},LP_AU115-C02_1667974,2e31563e-71f5-4db2-b317-5741a978a70a
-1,PI,VP_AU115-C02_1385641_2020,BANGOR 1101,No,CIP_AU115-C02_333165,Tree Work Complete,,MGE_Mountain G Enterprises,Live Oak,No,No,27,67,,4,4,F3B_FP-Rmv3 B,Haul offsite,No,,Poles 3A-3B .7 span 55 feet East of lines FUNGUS IN HARDWOOD PREVIOUS LIMB FAILURE,MOW_Mowbray's,,5456843,F3B_FP-Rmv3 B,5/12/2020 21:06:15,,Unit,,,,,,Remove all wood and debris,rayalm_awrr,5/12/2020 21:06:38,Sierra,SI_Sierra,1012545957,13306 PROVIDENCE WAY,OREGON HOUSE,lbuchm_awrr,2/12/2020 21:17:35,BE_geomartawrrprod,5/12/2020 22:32:36,{00000000-0000-0000-0000-000000000000},LP_AU115-C02_1667974,06a47090-8cf6-41c3-a9c7-618d905da8f9
-1,PI,VP_AU115-C02_1387792_2020,BANGOR 1101,No,CIP_AU115-C02_333165,Tree Work Complete,,MGE_Mountain G Enterprises,Black Oak,No,No,3,37,,4,4,BC_Br Rmv,Haul offsite,No,,"POLE3A-POLE3B .6SPAN 10FT EAST OF LINE, POOR TAPER 5:1",MOW_Mowbray's,,5456843,BC_Br Rmv,5/12/2020 21:04:46,,Unit,,,,,,Remove all wood and debris,rayalm_awrr,5/12/2020 21:05:01,Sierra,SI_Sierra,1012545957,13306 PROVIDENCE WAY,OREGON HOUSE,cedinm_awrr,2/12/2020 21:05:51,BE_geomartawrrprod,5/12/2020 22:32:36,{00000000-0000-0000-0000-000000000000},LP_AU115-C02_1667974,42a0ec74-1028-4a72-94dc-3e9c4bd308c4
-1,PI,VP_AU115-C02_1387793_2020,BANGOR 1101,No,CIP_AU115-C02_333165,Tree Work Complete,,MGE_Mountain G Enterprises,Live Oak,No,No,22,40,,4,4,F2B_FP-Rmv2 B,Haul offsite,No,,"POLE3A-POLE3B .9SPAN 10FT EAST OF LINE, 2XSTEM, DIEING",MOW_Mowbray's,,5456843,F2B_FP-Rmv2 B,5/12/2020 21:05:28,,Unit,,,,,,Remove all wood and debris,rayalm_awrr,5/12/2020 21:05:41,Sierra,SI_Sierra,1012545957,13306 PROVIDENCE WAY,OREGON HOUSE,cedinm_awrr,2/12/2020 21:12:32,BE_geomartawrrprod,5/12/2020 22:32:36,{00000000-0000-0000-0000-000000000000},LP_AU115-C02_1667974,036fbe52-f927-4b5a-a270-a1ed3b46212d
-1,PI,VP_AU115-C02_1390211_2020,BANGOR 1101,No,CIP_AU115-C02_333354,Tree Work Complete,,MGE_Mountain G Enterprises,Ponderosa Pine,No,No,12,65,ABATE,2,4,F2B_FP-Rmv2 B,Haul offsite,No,None Observed,Poles 2-3 .5 span 10 feet South of lines. Edited by JGaulf. 4/6/2020,MOW_Mowbray's,,5456843,F2B_FP-Rmv2 B,5/12/2020 21:02:49,,Unit,,,,,,tbd,rayalm_awrr,5/12/2020 21:03:15,Sierra,SI_Sierra,1012545958,13395 DIXON HILL RD,OREGON HOUSE,lbuchm_awrr,2/13/2020 17:19:34,BE_geomartawrrprod,5/12/2020 22:32:36,{00000000-0000-0000-0000-000000000000},LP_AU115-C02_1668570,67dedc25-951a-4eaa-97b5-bd0bf3354d2a
-1,PI,VP_AT115-D23_1420123_2020,BANGOR 1101,No,CIP_AT115-D23_320965,Tree Work Complete,,MGE_Mountain G Enterprises,Live Oak,No,No,37,50,,4,3,F4B_FP-Rmv4 B,Cut and Leave,No,,"pole 33a-34a, 40 feet north of line main stem that leans towards line has decay",MOW_Mowbray's,"PEI_P31 Enterprises, Inc.",,F4B_FP-Rmv4 B,4/30/2020 7:00:00,Complete - Crew 101,Unit,,,,,,,rayalm_awrr,5/12/2020 17:06:45,Sierra,SI_Sierra,1012547118,12350 DOLAN HARDING RD,BROWNS VALLEY,mbiasm_awrr,2/19/2020 21:34:44,BE_geomartawrrprod,5/12/2020 18:32:07,{00000000-0000-0000-0000-000000000000},LP_AT115-D18_1677278,34d500bd-df82-4725-84fb-8d2526356709
-1,PI,VP_AT115-D23_1429241_2020,BANGOR 1101,No,CIP_AT115-D23_320966,Tree Work Complete,,MGE_Mountain G Enterprises,Oak,No,No,3,23,,2,3,BC_Br Rmv,Not Needed,No,,"Pole 31A-32A, .9 spans from 31A, 15 feet west oof the guy wire off of pole 32A, removal for poor taper, previously worked ",MOW_Mowbray's,"PEI_P31 Enterprises, Inc.",,BC_Br Rmv,2/24/2020 8:00:00,209,Unit,,,,,,,rayalm_awrr,5/12/2020 17:02:13,Sierra,SI_Sierra,1012547118,12350 DOLAN HARDING RD,BROWNS VALLEY,treym_awrr,2/20/2020 19:12:40,BE_geomartawrrprod,5/12/2020 18:32:07,{00000000-0000-0000-0000-000000000000},LP_AT115-D18_1677278,2d8487a4-f687-4e95-93dc-d56f1797848a
-1,PI,VP_AT115-D23_1429242_2020,BANGOR 1101,No,CIP_AT115-D23_320966,Tree Work Complete,,MGE_Mountain G Enterprises,Oak,No,No,3,24,,2,3,BC_Br Rmv,Not Needed,No,,"Pole 31A-32A, .9 spans from 31A, 15 feet south of the guy wire off of pole 32A, removal for poor taper, multi stem, combined DBH ",MOW_Mowbray's,"PEI_P31 Enterprises, Inc.",,BC_Br Rmv,2/24/2020 8:00:00,209,Unit,,,,,,,rayalm_awrr,5/12/2020 17:02:25,Sierra,SI_Sierra,1012547118,12350 DOLAN HARDING RD,BROWNS VALLEY,treym_awrr,2/20/2020 19:14:25,BE_geomartawrrprod,5/12/2020 18:32:07,{00000000-0000-0000-0000-000000000000},LP_AT115-D18_1677278,223b6212-40fd-4d83-a655-933eb9c349f6
-1,PI,VP_AU115-C01_1437595_2020,BANGOR 1101,No,CIP_AU115-C01_333031,Tree Work Complete,Fail,MGE_Mountain G Enterprises,Live Oak,No,No,60,55,,4,3,Trim,Haul offsite,No,,"pole 7 to pole 8, .3 span, 35ft west of line, very little foliage. Declining, ants, previous work. 5/13/20. Sfrizf. Remove East codom stem that is marked  with an X ; there is a yellow paint ring around the one stem that marks where to make the removal cut; retain the live codom stem. A second dead stem in the center of the tree is marked for removal with a yellow X. Owner wants to retain the rest of the tree, she doesn’t care that it is dying, wants the road screening.",MOW_Mowbray's,,5456777,Trim,5/1/2020 23:34:20,Home owner requested to trim only and not take out the branch with the X on it.,Unit,,,,,,Remove all wood and slash,sfrizf_awrr,5/13/2020 16:34:21,Sierra,SI_Sierra,1012546517,13326 DIXON HILL RD,DOBBINS,rcrenm_awrr,2/24/2020 20:39:22,BE_geomartawrrprod,5/13/2020 18:32:19,{00000000-0000-0000-0000-000000000000},LP_AU115-C01_1683899,a0baa85b-eb69-471d-8c68-495d576c5ce8
-1,PI,VP_AU115-B04_1438146_2020,BANGOR 1101,No,CIP_AU115-B04_333325,Refusal,,FCO_Forester’s Co-op,Ponderosa Pine,No,No,23,100,,3,3,F2B_FP-Rmv2 B,Not Needed,No,,"No PI done yet. Flagged most of the trees that should be worked. flewif. called property owner left VM, tree not marked  with paint. Tree is overhanging lines. Edited by JGaulf. 5-11-2020",,,,,,,Unit,,,,,,,jgaulf_awrr,5/11/2020 16:25:55,Sierra,SI_Sierra,1012531429,13420 TEHAMA WAY,OREGON HOUSE,flewif_awrr,2/24/2020 21:36:11,BE_geomartawrrprod,5/11/2020 16:31:29,{00000000-0000-0000-0000-000000000000},LP_AU115-B03_1683579,a5b8fec3-fdc3-459e-89dc-ba43aad9f0f5
-1,PI,VP_AU115-C01_1438149_2020,BANGOR 1101,No,CIP_AU115-C01_333029,Tree Work Complete,Fail,MGE_Mountain G Enterprises,Live Oak,No,No,14,35,,2,3,Trim,Haul offsite,No,,Pole6 to pole7 .2span west of line 20ft May grow into compliance in next 18months 2x stem ,MOW_Mowbray's,,5456777,Trim,5/1/2020 23:21:10,,Unit,,,,,,Remove all wood and slash,mgrifa_awrr,5/11/2020 19:41:51,Sierra,SI_Sierra,1012546517,13326 DIXON HILL RD,DOBBINS,kblevm_awrr,2/24/2020 21:36:28,BE_geomartawrrprod,5/11/2020 20:34:13,{00000000-0000-0000-0000-000000000000},LP_AU115-C01_1683899,5382e981-9867-46e7-9216-eb8b548761ff
-1,PI,VP_AU115-B02_1440575_2020,BANGOR 1101,No,CIP_AU115-B02_332960,Tree Work Complete,,NCR_North Coast Resource Management,"Cottonwood, Fremont",No,No,34,94,,4,4,F3B_FP-Rmv3 B,Cut and Leave,No,,"0.7 span. Unmarked pole to endpole. 51 feet north of line. Losing limbs, overmature.",MOW_Mowbray's,MOW_Mowbray's Tree Service,5865470,F3B_FP-Rmv3 B,5/13/2020 0:34:20,,Unit,,,,,,"Cut wood to roughly 10 foot length from base up to split in trunk. Cut remaining large trunk above this to another large 8-10 foot length. Cut all other wood to 16” rounds, Chip and pile slash.",rayalm_awrr,5/13/2020 0:34:34,Sierra,SI_Sierra,1012546720,13399 RICES CROSSING RD,OREGON HOUSE,llochn_awrr,2/24/2020 22:15:44,BE_geomartawrrprod,5/13/2020 2:31:57,{00000000-0000-0000-0000-000000000000},LP_AU115-B02_1686281,f6ffa7ef-bca3-467b-9cf2-94f45ebe33df
-1,PI,VP_AU115-B02_1440632_2020,BANGOR 1101,No,CIP_AU115-B02_332963,Tree Work Complete,,NCR_North Coast Resource Management,Ponderosa Pine,No,No,32,135,,4,3,F3B_FP-Rmv3 B,Haul offsite,No,,"0.9 span, 102 feet north of line, pole 14 to pole 15, moderate lean towards line, weight towards line, nail in tree marked with flagging ",MOW_Mowbray's,MOW_Mowbray's Tree Service,5865470,F3B_FP-Rmv3 B,5/13/2020 0:48:15,,Unit,,,,,,Remove all wood too big to chip. Chip and pile slash and remaining wood.,rayalm_awrr,5/13/2020 0:48:32,Sierra,SI_Sierra,1012546720,13399 RICES CROSSING RD,OREGON HOUSE,klinn_awrr,2/24/2020 23:04:52,BE_geomartawrrprod,5/13/2020 2:31:57,{00000000-0000-0000-0000-000000000000},LP_AU115-B02_1686281,aab9dade-8af8-4f8d-9504-2855d9c95538
-1,PI,VP_AU115-C02_1441681_2020,BANGOR 1101,No,CIP_AU115-C02_333355,Tree Work Complete,,MGE_Mountain G Enterprises,Ponderosa Pine,No,No,12,75,,4,3,F2A_FP-Rmv2 A,Haul offsite,No,,"Pole 1 to pole 2, .1 span, approximately 68ft east of pole 2. Remove because Tree has severe suppression.",MOW_Mowbray's,,5456843,F2A_FP-Rmv2 A,5/12/2020 21:01:45,,Unit,,,,,,Remove from property,rayalm_awrr,5/12/2020 21:02:08,Sierra,SI_Sierra,1012546725,13333 ROCKY RIDGE TRL,DOBBINS,jjuddm_awrr,2/25/2020 17:50:11,BE_geomartawrrprod,5/12/2020 22:32:36,{00000000-0000-0000-0000-000000000000},LP_AU115-C01_1667702,57288ae6-3e31-4aa7-b4c4-1022eaad7b6a
-1,PI,VP_AU115-B02_1446994_2020,BANGOR 1101,No,CIP_AU115-B02_332960,Tree Work Complete,,NCR_North Coast Resource Management,Ponderosa Pine,No,No,18,111,,4,3,F2B_FP-Rmv2 B,Haul offsite,No,,"Past endpole. 108 feet southwest of endpole. Poor taper, subject to wind throw, dead leader.",MOW_Mowbray's,,5865470,F2B_FP-Rmv2 B,5/13/2020 0:45:47,,Unit,,,,,,Remove all wood too big to chip. Chip and pile slash and remaining wood.,rayalm_awrr,5/13/2020 0:45:56,Sierra,SI_Sierra,1012546720,13399 RICES CROSSING RD,OREGON HOUSE,llochn_awrr,2/25/2020 21:04:18,BE_geomartawrrprod,5/13/2020 2:31:57,{00000000-0000-0000-0000-000000000000},LP_AU115-B02_1686281,acd2e89e-9084-4799-b559-29c3a23c595f
-1,PI,VP_AU115-B02_1446996_2020,BANGOR 1101,No,CIP_AU115-B02_332960,Tree Work Complete,,NCR_North Coast Resource Management,Ponderosa Pine,No,No,21,102,,4,3,F2B_FP-Rmv2 B,Haul offsite,No,,"0.9 span. Unmarked pole to endpole. 84 feet southwest of line. Deformity/elbow near top, slight lean toward line, oozing some pitch.",MOW_Mowbray's,MOW_Mowbray's Tree Service,5865470,F2B_FP-Rmv2 B,5/13/2020 0:42:58,,Unit,,,,,,Remove all wood too big to chip. Chip and pile slash and remaining wood.,rayalm_awrr,5/13/2020 0:43:19,Sierra,SI_Sierra,1012546720,13399 RICES CROSSING RD,OREGON HOUSE,llochn_awrr,2/25/2020 21:09:32,BE_geomartawrrprod,5/13/2020 2:31:57,{00000000-0000-0000-0000-000000000000},LP_AU115-B02_1686281,6dd66713-b730-4d4f-9f83-b17220ba3974
-1,PI,VP_AU115-B02_1446997_2020,BANGOR 1101,No,CIP_AU115-B02_332960,Tree Work Complete,,NCR_North Coast Resource Management,Ponderosa Pine,No,No,35,132,,4,3,F3B_FP-Rmv3 B,Haul offsite,No,,"0.9 span. U marked pole to endpole. 123 feet southwest of line.Very high woodpecker/beetle damage, oozing sap at base, large insect presence.",MOW_Mowbray's,MOW_Mowbray's Tree Service,5865470,F3B_FP-Rmv3 B,,,Unit,,,,,,Remove all wood too big to chip. Chip and pile slash and remaining wood.,rayalm_awrr,5/13/2020 0:45:05,Sierra,SI_Sierra,1012546720,13399 RICES CROSSING RD,OREGON HOUSE,llochn_awrr,2/25/2020 21:12:54,BE_geomartawrrprod,5/13/2020 2:31:57,{00000000-0000-0000-0000-000000000000},LP_AU115-B02_1686281,74ff9495-4c58-4340-aeb9-9f6accf22fde
-1,PI,VP_AU115-B02_1446998_2020,BANGOR 1101,No,CIP_AU115-B02_332960,Tree Work Complete,,NCR_North Coast Resource Management,Ponderosa Pine,No,No,28,129,,4,3,F3B_FP-Rmv3 B,Haul offsite,No,,"0.9 span. U marked pole to endpole. 122 feet southwest of line. Significant lean parallel to line. Significant insect damage, oozing significant pitch, rot and hollow at 15 ft. Attached at base to 35 DBH tree. Large insect presence.",MOW_Mowbray's,MOW_Mowbray's Tree Service,5865470,F3B_FP-Rmv3 B,5/13/2020 0:43:58,,Unit,,,,,,Remove all wood too big to chip. Chip and pile slash and remaining wood.,rayalm_awrr,5/13/2020 0:44:11,Sierra,SI_Sierra,1012546720,13399 RICES CROSSING RD,OREGON HOUSE,llochn_awrr,2/25/2020 21:15:19,BE_geomartawrrprod,5/13/2020 2:31:57,{00000000-0000-0000-0000-000000000000},LP_AU115-B02_1686281,5ee0d735-a7a5-4640-8313-1917b9c185cd
-1,PI,VP_AU115-B02_1447001_2020,BANGOR 1101,No,CIP_AU115-B02_332960,Tree Work Complete,,NCR_North Coast Resource Management,Ponderosa Pine,No,No,26,114,,4,3,F3B_FP-Rmv3 B,Haul offsite,No,,0.8span. unmarked pole to endpole. 3 feet southwest of line. Major overhang of line. Trim to compliance would require full removal.,MOW_Mowbray's,MOW_Mowbray's Tree Service,5865470,F3B_FP-Rmv3 B,5/13/2020 0:35:30,,Unit,,,,,,Remove all wood too big to chip. Chip and pile slash and remaining wood.,rayalm_awrr,5/13/2020 0:35:42,Sierra,SI_Sierra,1012546720,13399 RICES CROSSING RD,OREGON HOUSE,llochn_awrr,2/25/2020 21:26:10,BE_geomartawrrprod,5/13/2020 2:31:57,{00000000-0000-0000-0000-000000000000},LP_AU115-B02_1686281,6fe89ed0-a0e7-426f-9633-f561abd10a8d
-1,PI,VP_AU115-B02_1447292_2020,BANGOR 1101,No,CIP_AU115-B02_332960,Tree Work Complete,,NCR_North Coast Resource Management,Ponderosa Pine,No,No,28,103,,4,3,F3B_FP-Rmv3 B,Haul offsite,No,,90 feet northeast of end pole. Tree has a moderate lean towards end pole.,MOW_Mowbray's,MOW_Mowbray's Tree Service,5865470,F3B_FP-Rmv3 B,,,Unit,,,,,,Remove all wood too big to chip. Chip and pile slash and remaining wood.,rayalm_awrr,5/13/2020 0:50:34,Sierra,SI_Sierra,1012546720,13399 RICES CROSSING RD,OREGON HOUSE,aebern_awrr,2/25/2020 17:14:33,BE_geomartawrrprod,5/13/2020 2:31:57,{00000000-0000-0000-0000-000000000000},LP_AU115-B02_1686281,4d6a5104-5489-4421-b92f-c878180c6f94